goed,jaar,Aandeel in invoer,Aandeel in uitvoer
Chemische producten,1920,0.0474308300395257,0.057618437900128
Fabricaten,1920,0.346508563899868,0.284250960307298
"Grondstoffen, oliën en vetten",1920,0.227931488801054,0.183098591549296
Machines,1920,0.0849802371541502,0.0486555697823304
Minerale brandstoffen,1920,0.100131752305665,0.0128040973111396
"Voeding, dranken en tabak",1920,0.19235836627141,0.412291933418694
Chemische producten,1925,0.0475763016157989,0.0560292326431182
Fabricaten,1925,0.280071813285458,0.214372716199756
"Grondstoffen, oliën en vetten",1925,0.251346499102334,0.149817295980512
Machines,1925,0.059245960502693,0.0475030450669915
Minerale brandstoffen,1925,0.0700179533213645,0.0389768574908648
"Voeding, dranken en tabak",1925,0.291741472172352,0.493300852618758
Chemische producten,1930,0.0490463215258856,0.0522959183673469
Fabricaten,1930,0.327883742052679,0.229591836734694
"Grondstoffen, oliën en vetten",1930,0.227066303360581,0.149234693877551
Machines,1930,0.10172570390554,0.104591836734694
Minerale brandstoffen,1930,0.0808356039963669,0.0637755102040816
"Voeding, dranken en tabak",1930,0.214350590372389,0.401785714285714
Chemische producten,1935,0.0608108108108108,0.0743034055727554
Fabricaten,1935,0.364864864864865,0.26625386996904
"Grondstoffen, oliën en vetten",1935,0.227477477477478,0.170278637770898
Machines,1935,0.0990990990990991,0.105263157894737
Minerale brandstoffen,1935,0.0675675675675676,0.0588235294117647
"Voeding, dranken en tabak",1935,0.18018018018018,0.325077399380805
Chemische producten,1936,0.0596707818930041,0.0692520775623269
Fabricaten,1936,0.3559670781893,0.277008310249308
"Grondstoffen, oliën en vetten",1936,0.248971193415638,0.163434903047091
Machines,1936,0.0905349794238683,0.0914127423822715
Minerale brandstoffen,1936,0.0679012345679012,0.0581717451523546
"Voeding, dranken en tabak",1936,0.176954732510288,0.340720221606648
Chemische producten,1937,0.0508241758241758,0.0659340659340659
Fabricaten,1937,0.339285714285714,0.293040293040293
"Grondstoffen, oliën en vetten",1937,0.267857142857143,0.161172161172161
Machines,1937,0.0934065934065934,0.0989010989010989
Minerale brandstoffen,1937,0.0659340659340659,0.0604395604395604
"Voeding, dranken en tabak",1937,0.184065934065934,0.322344322344322
Chemische producten,1938,0.0558069381598793,0.0653061224489796
Fabricaten,1938,0.32579185520362,0.271428571428571
"Grondstoffen, oliën en vetten",1938,0.24132730015083,0.142857142857143
Machines,1938,0.119155354449472,0.126530612244898
Minerale brandstoffen,1938,0.0678733031674208,0.0653061224489796
"Voeding, dranken en tabak",1938,0.190045248868778,0.328571428571429
Chemische producten,1939,0.0621468926553672,0.0700218818380744
Fabricaten,1939,0.355932203389831,0.266958424507659
"Grondstoffen, oliën en vetten",1939,0.22316384180791,0.140043763676149
Machines,1939,0.122881355932203,0.12910284463895
Minerale brandstoffen,1939,0.076271186440678,0.0634573304157549
"Voeding, dranken en tabak",1939,0.159604519774011,0.330415754923414
Chemische producten,1940,0.0625,0.0576271186440678
Fabricaten,1940,0.40301724137931,0.193220338983051
"Grondstoffen, oliën en vetten",1940,0.176724137931034,0.16271186440678
Machines,1940,0.118534482758621,0.0949152542372881
Minerale brandstoffen,1940,0.0689655172413793,0.0542372881355932
"Voeding, dranken en tabak",1940,0.170258620689655,0.43728813559322
Chemische producten,1941,0.100591715976331,0.0277777777777778
Fabricaten,1941,0.485207100591716,0.288194444444444
"Grondstoffen, oliën en vetten",1941,0.13905325443787,0.111111111111111
Machines,1941,0.159763313609467,0.114583333333333
Minerale brandstoffen,1941,0.0532544378698225,0.0555555555555556
"Voeding, dranken en tabak",1941,0.0591715976331361,0.402777777777778
Chemische producten,1942,0.132420091324201,0.05
Fabricaten,1942,0.420091324200913,0.364285714285714
"Grondstoffen, oliën en vetten",1942,0.159817351598174,0.146428571428571
Machines,1942,0.141552511415525,0.157142857142857
Minerale brandstoffen,1942,0.0684931506849315,0.0357142857142857
"Voeding, dranken en tabak",1942,0.0730593607305936,0.246428571428571
Chemische producten,1943,0.141361256544503,0.0515463917525773
Fabricaten,1943,0.387434554973822,0.391752577319588
"Grondstoffen, oliën en vetten",1943,0.178010471204188,0.154639175257732
Machines,1943,0.120418848167539,0.11340206185567
Minerale brandstoffen,1943,0.0785340314136126,0.0343642611683849
"Voeding, dranken en tabak",1943,0.0994764397905759,0.254295532646048
Chemische producten,1944,,
Fabricaten,1944,,
"Grondstoffen, oliën en vetten",1944,,
Machines,1944,,
Minerale brandstoffen,1944,,
"Voeding, dranken en tabak",1944,,
Chemische producten,1945,,
Fabricaten,1945,,
"Grondstoffen, oliën en vetten",1945,,
Machines,1945,,
Minerale brandstoffen,1945,,
"Voeding, dranken en tabak",1945,,
Chemische producten,1946,0.0669330669330669,0.0648648648648649
Fabricaten,1946,0.367632367632368,0.267567567567568
"Grondstoffen, oliën en vetten",1946,0.174825174825175,0.186486486486487
Machines,1946,0.135864135864136,0.116216216216216
Minerale brandstoffen,1946,0.0809190809190809,0.0324324324324324
"Voeding, dranken en tabak",1946,0.172827172827173,0.332432432432432
Chemische producten,1947,0.0576725025746653,0.0838183934807916
Fabricaten,1947,0.306385169927909,0.263096623981374
"Grondstoffen, oliën en vetten",1947,0.222451081359423,0.125727590221187
Machines,1947,0.175592173017508,0.174621653084983
Minerale brandstoffen,1947,0.0756951596292482,0.0232828870779977
"Voeding, dranken en tabak",1947,0.162203913491246,0.328288707799767
Chemische producten,1948,0.051930758988016,0.0915721231766613
Fabricaten,1948,0.306702174877941,0.296596434359806
"Grondstoffen, oliën en vetten",1948,0.230359520639148,0.104538087520259
Machines,1948,0.144252108300044,0.115072933549433
Minerale brandstoffen,1948,0.0754549489569463,0.0372771474878444
"Voeding, dranken en tabak",1948,0.191300488237905,0.354132901134522
Chemische producten,1949,0.0504132231404959,0.0766590389016018
Fabricaten,1949,0.309917355371901,0.267734553775744
"Grondstoffen, oliën en vetten",1949,0.237603305785124,0.0983981693363844
Machines,1949,0.155785123966942,0.12070938215103
Minerale brandstoffen,1949,0.0867768595041322,0.0429061784897025
"Voeding, dranken en tabak",1949,0.159917355371901,0.393020594965675
Chemische producten,1950,0.0443002257336343,0.0763546798029557
Fabricaten,1950,0.315462753950339,0.259031198686371
"Grondstoffen, oliën en vetten",1950,0.236738148984199,0.098111658456486
Machines,1950,0.130643340857788,0.115353037766831
Minerale brandstoffen,1950,0.0987584650112867,0.0689655172413793
"Voeding, dranken en tabak",1950,0.174097065462754,0.382183908045977
Chemische producten,1951,0.0458882326215357,0.0817965496728138
Fabricaten,1951,0.307587460245343,0.285841760856633
"Grondstoffen, oliën en vetten",1951,0.250113584734212,0.101725163593099
Machines,1951,0.114493412085416,0.116299821534801
Minerale brandstoffen,1951,0.115174920490686,0.0779298036882808
"Voeding, dranken en tabak",1951,0.166742389822808,0.336406900654372
Chemische producten,1952,0.0393844548774126,0.0745119604069288
Fabricaten,1952,0.286124152321335,0.288699477591422
"Grondstoffen, oliën en vetten",1952,0.21830985915493,0.0860599395105857
Machines,1952,0.13641105894627,0.113555127852626
Minerale brandstoffen,1952,0.154929577464789,0.0967830629639813
"Voeding, dranken en tabak",1952,0.164840897235263,0.340115479791037
Chemische producten,1953,0.044921875,0.0703125
Fabricaten,1953,0.296630859375,0.284752155172414
"Grondstoffen, oliën en vetten",1953,0.216552734375,0.0845905172413793
Machines,1953,0.149169921875,0.139816810344828
Minerale brandstoffen,1953,0.12744140625,0.0880926724137931
"Voeding, dranken en tabak",1953,0.165283203125,0.332435344827586
Chemische producten,1954,0.0480925324675325,0.071119654012494
Fabricaten,1954,0.28510551948052,0.270062469966362
"Grondstoffen, oliën en vetten",1954,0.209618506493507,0.0840941854877463
Machines,1954,0.15625,0.146804420951466
Minerale brandstoffen,1954,0.133319805194805,0.107400288322922
"Voeding, dranken en tabak",1954,0.167816558441558,0.320278712157617
Chemische producten,1955,0.0479031091829357,0.0716443677168753
Fabricaten,1955,0.300253073029646,0.275356063875701
"Grondstoffen, oliën en vetten",1955,0.188539407086045,0.0826499784203712
Machines,1955,0.170462762111352,0.145230902028485
Minerale brandstoffen,1955,0.142082429501085,0.113077255071213
"Voeding, dranken en tabak",1955,0.150759219088937,0.311825636599051
Chemische producten,1956,0.0463885429638854,0.0755825734549139
Fabricaten,1956,0.299501867995019,0.268490374873354
"Grondstoffen, oliën en vetten",1956,0.173100871731009,0.0905775075987842
Machines,1956,0.183841843088418,0.141033434650456
Minerale brandstoffen,1956,0.150373599003736,0.122188449848024
"Voeding, dranken en tabak",1956,0.146793275217933,0.302330293819656
Chemische producten,1957,0.0487356971323633,0.0850028084628347
Fabricaten,1957,0.290719028111315,0.262123197903014
"Grondstoffen, oliën en vetten",1957,0.164712530018364,0.0836921924733196
Machines,1957,0.185901963554174,0.145665605691818
Minerale brandstoffen,1957,0.168667890945049,0.143044373712788
"Voeding, dranken en tabak",1957,0.141121627348496,0.28065905261187
Chemische producten,1958,0.0552,0.0847152126892574
Fabricaten,1958,0.28032,0.266222062004326
"Grondstoffen, oliën en vetten",1958,0.15136,0.076423936553713
Machines,1958,0.18944,0.16366258111031
Minerale brandstoffen,1958,0.1696,0.13139870223504
"Voeding, dranken en tabak",1958,0.15408,0.277757750540735
Chemische producten,1959,0.0618374558303887,0.0884528787391444
Fabricaten,1959,0.300647820965842,0.267610164039884
"Grondstoffen, oliën en vetten",1959,0.156065959952886,0.0781601801222258
Machines,1959,0.190371024734982,0.174975876487617
Minerale brandstoffen,1959,0.136042402826855,0.107430041814088
"Voeding, dranken en tabak",1959,0.155182567726737,0.28353168221293
Chemische producten,1960,0.0661717650070395,0.0835133189344852
Fabricaten,1960,0.300780750031998,0.265370770338373
"Grondstoffen, oliën en vetten",1960,0.15013439139895,0.08207343412527
Machines,1960,0.212978369384359,0.184737221022318
Minerale brandstoffen,1960,0.13055164469474,0.116918646508279
"Voeding, dranken en tabak",1960,0.139383079482913,0.267242620590353
Chemische producten,1961,0.0597826086956522,0.0876577840112202
Fabricaten,1961,0.305293005671077,0.260168302945302
"Grondstoffen, oliën en vetten",1961,0.130552930056711,0.0861150070126227
Machines,1961,0.244801512287335,0.194950911640954
Minerale brandstoffen,1961,0.128662570888469,0.119074333800842
"Voeding, dranken en tabak",1961,0.130789224952741,0.251893408134642
Chemische producten,1962,0.0601092896174863,0.0889656088168902
Fabricaten,1962,0.297017304189435,0.250298765104236
"Grondstoffen, oliën en vetten",1962,0.118055555555556,0.0847165051122029
Machines,1962,0.262978142076503,0.204222546806533
Minerale brandstoffen,1962,0.128984517304189,0.117912627805072
"Voeding, dranken en tabak",1962,0.132969034608379,0.254016730845837
Chemische producten,1963,0.0613140175474393,0.090172984909827
Fabricaten,1963,0.307182207712712,0.25898662740768
"Grondstoffen, oliën en vetten",1963,0.115282595388696,0.0863697705802969
Machines,1963,0.256886349724546,0.207336523125997
Minerale brandstoffen,1963,0.121709855131606,0.101705312231628
"Voeding, dranken en tabak",1963,0.137624974495001,0.255428781744571
Chemische producten,1964,0.0633140688346416,0.0922335184991091
Fabricaten,1964,0.322608470628828,0.262551095273032
"Grondstoffen, oliën en vetten",1964,0.126628137669283,0.0875170317576774
Machines,1964,0.242128870870353,0.227649093386438
Minerale brandstoffen,1964,0.110066419391012,0.0910805995178703
"Voeding, dranken en tabak",1964,0.135254032605883,0.238968661565874
Chemische producten,1965,0.06771640695113,0.102171015044753
Fabricaten,1965,0.331484049930652,0.270043801180727
"Grondstoffen, oliën en vetten",1965,0.124173941421229,0.0865549419158256
Machines,1965,0.249734845394468,0.208912588078461
Minerale brandstoffen,1965,0.10190095455658,0.0872214816225481
"Voeding, dranken en tabak",1965,0.124989801745941,0.245191392115787
Chemische producten,1966,0.0737225723179713,0.113054453660296
Fabricaten,1966,0.343861513932124,0.276685899747566
"Grondstoffen, oliën en vetten",1966,0.116619846632754,0.0911467724486116
Machines,1966,0.242046921266419,0.213667508113956
Minerale brandstoffen,1966,0.095740642320249,0.072664983772088
"Voeding, dranken en tabak",1966,0.128008503530484,0.232780382257483
Chemische producten,1967,0.0789281542056075,0.12212847715312
Fabricaten,1967,0.333820093457944,0.272074179266561
"Grondstoffen, oliën en vetten",1967,0.11076226635514,0.0885473226965166
Machines,1967,0.235543224299065,0.201486926739621
Minerale brandstoffen,1967,0.104044976635514,0.0786901679057723
"Voeding, dranken en tabak",1967,0.136901285046729,0.23707292623841
Chemische producten,1968,0.08104035639413,0.132817631175655
Fabricaten,1968,0.337853773584906,0.265197402028753
"Grondstoffen, oliën en vetten",1968,0.107769916142558,0.0845070422535211
Machines,1968,0.237421383647799,0.197402028752828
Minerale brandstoffen,1968,0.101480607966457,0.0800554623075239
"Voeding, dranken en tabak",1968,0.134433962264151,0.240020433481719
Chemische producten,1969,0.0831173128895262,0.129648791770649
Fabricaten,1969,0.359825712867465,0.284618662121858
"Grondstoffen, oliën en vetten",1969,0.10308311731289,0.0815022216811735
Machines,1969,0.222547018917875,0.190638505082476
Minerale brandstoffen,1969,0.0971264684793999,0.0826587132509587
"Voeding, dranken en tabak",1969,0.134631294468038,0.230993974070242
Chemische producten,1970,0.0780775334391294,0.128897161470451
Fabricaten,1970,0.354114713216958,0.271961118866656
"Grondstoffen, oliën en vetten",1970,0.0960326456585808,0.0769350085310997
Machines,1970,0.237587848560417,0.18297916343519
Minerale brandstoffen,1970,0.108592155973702,0.106768005790807
"Voeding, dranken en tabak",1970,0.125595103151213,0.232511245540562
Chemische producten,1971,0.0761483354403708,0.126643473546288
Fabricaten,1971,0.343531394858829,0.283468124519948
"Grondstoffen, oliën en vetten",1971,0.0892962494732406,0.0687660958749379
Machines,1971,0.239106616097767,0.182894320697601
Minerale brandstoffen,1971,0.129624947324062,0.11914336059278
"Voeding, dranken en tabak",1971,0.122292456805731,0.21912980617178
Chemische producten,1972,0.0789335910756715,0.134189222340339
Fabricaten,1972,0.348636784664331,0.271731130918309
"Grondstoffen, oliën en vetten",1972,0.0882364785953043,0.070406410990269
Machines,1972,0.221134871732915,0.184847493662605
Minerale brandstoffen,1972,0.13289839313761,0.123640526617058
"Voeding, dranken en tabak",1972,0.130159880794169,0.215144329053888
Chemische producten,1973,0.0807508939213349,0.142908923158033
Fabricaten,1973,0.337107667858562,0.262224858310268
"Grondstoffen, oliën en vetten",1973,0.0905178122103033,0.070811915117965
Machines,1973,0.218348563104225,0.174706735204956
Minerale brandstoffen,1973,0.131969275592637,0.129992091735864
"Voeding, dranken en tabak",1973,0.141305787312939,0.219355476472914
Chemische producten,1974,0.091340242402951,0.174484710360891
Fabricaten,1974,0.322175102255903,0.2529740289013
"Grondstoffen, oliën en vetten",1974,0.0923941682768312,0.0722031606100829
Machines,1974,0.190384181074503,0.156252347917554
Minerale brandstoffen,1974,0.179794735389325,0.159483082471387
"Voeding, dranken en tabak",1974,0.123911570600487,0.184602669738786
Chemische producten,1975,0.0780228860455217,0.144817300521999
Fabricaten,1975,0.314895961138794,0.232985334327616
"Grondstoffen, oliën en vetten",1975,0.0772967423692315,0.0603281133482476
Machines,1975,0.215464356361269,0.174098931145911
Minerale brandstoffen,1975,0.176377795027168,0.175640069599801
"Voeding, dranken en tabak",1975,0.137942259058016,0.212130251056426
Chemische producten,1976,0.0836239879933202,0.14918516670824
Fabricaten,1976,0.314202972076014,0.232892658185749
"Grondstoffen, oliën en vetten",1976,0.0772190162132454,0.0580360854743494
Machines,1976,0.196820766482762,0.18327513095535
Minerale brandstoffen,1976,0.194093897309066,0.176852082813669
"Voeding, dranken en tabak",1976,0.134018221404866,0.199779662426208
Chemische producten,1977,0.0796071794064394,0.144625125917398
Fabricaten,1977,0.308706604739038,0.232407540653331
"Grondstoffen, oliën en vetten",1977,0.0786034794930331,0.0622494500750365
Machines,1977,0.212371093442494,0.173611824928561
Minerale brandstoffen,1977,0.183618042981973,0.181506074872027
"Voeding, dranken en tabak",1977,0.137093599937023,0.205579425611085
Chemische producten,1978,0.0787090558766859,0.148083268831222
Fabricaten,1978,0.319653179190751,0.23053733653807
"Grondstoffen, oliën en vetten",1978,0.0742967244701349,0.0642237340611887
Machines,1978,0.234200385356455,0.184890210616369
Minerale brandstoffen,1978,0.157514450867052,0.161547235914776
"Voeding, dranken en tabak",1978,0.135606936416185,0.210718214038375
Chemische producten,1979,0.0855770487517972,0.162625338694924
Fabricaten,1979,0.292200365965233,0.214797300795609
"Grondstoffen, oliën en vetten",1979,0.0737812050712325,0.0648913587491155
Machines,1979,0.219121683440073,0.172617917608684
Minerale brandstoffen,1979,0.201656646190041,0.190480299604784
"Voeding, dranken en tabak",1979,0.127663050581623,0.194587784546882
Chemische producten,1980,0.0834430760770466,0.152809224633009
Fabricaten,1980,0.287217261689411,0.208948733712195
"Grondstoffen, oliën en vetten",1980,0.0713158999146177,0.0613875935283622
Machines,1980,0.193600671480876,0.168208603859591
Minerale brandstoffen,1980,0.238433597198304,0.221649098079201
"Voeding, dranken en tabak",1980,0.125989493639745,0.186981751660644
Chemische producten,1981,0.0867105616769686,0.151574980966023
Fabricaten,1981,0.266084385917764,0.194985353515801
"Grondstoffen, oliën en vetten",1981,0.0714324106423005,0.05631476391416
Machines,1981,0.183996237570546,0.15819493373595
Minerale brandstoffen,1981,0.262993818865896,0.23995715742067
"Voeding, dranken en tabak",1981,0.128769148078474,0.198972810447395
Chemische producten,1982,0.0874660907582502,0.150415778384511
Fabricaten,1982,0.262450946825042,0.193888618767999
"Grondstoffen, oliën en vetten",1982,0.0677789775869788,0.0551545299273167
Machines,1982,0.191906555347784,0.161162434080114
Minerale brandstoffen,1982,0.258210645526614,0.239081921432223
"Voeding, dranken en tabak",1982,0.132186783955332,0.200309184525813
Chemische producten,1983,0.0892687076989499,0.1610543302851
Fabricaten,1983,0.251488869982603,0.187807064730142
"Grondstoffen, oliën en vetten",1983,0.06846897182258,0.0580001195385811
Machines,1983,0.207870376249191,0.1615205307513
Minerale brandstoffen,1983,0.25372376223794,0.239232562309485
"Voeding, dranken en tabak",1983,0.129192010260187,0.1923973462435
Chemische producten,1984,0.0937073943935179,0.167121711386579
Fabricaten,1984,0.253322544531518,0.188503582823369
"Grondstoffen, oliën en vetten",1984,0.076914550472749,0.064553585438569
Machines,1984,0.214394182914528,0.162780480150635
Minerale brandstoffen,1984,0.237405367059423,0.229823735551023
"Voeding, dranken en tabak",1984,0.124267045013689,0.187206443851666
Chemische producten,1985,0.100397877984085,0.165558393947076
Fabricaten,1985,0.256978167720873,0.193775472397184
"Grondstoffen, oliën en vetten",1985,0.0703835951846562,0.0625475322244106
Machines,1985,0.228718628851255,0.167254928726039
Minerale brandstoffen,1985,0.221709855131606,0.230845732337513
"Voeding, dranken en tabak",1985,0.121811875127525,0.180027690567657
Chemische producten,1986,0.104950400724042,0.171250167552835
Fabricaten,1986,0.305860216974504,0.219806979134087
"Grondstoffen, oliën en vetten",1986,0.0613649625474855,0.0624636968857513
Machines,1986,0.280316292141522,0.197634153969885
Minerale brandstoffen,1986,0.117930763459683,0.151691166614539
"Voeding, dranken en tabak",1986,0.129565455563098,0.197165006031902
Chemische producten,1987,0.105819096555753,0.180032349562812
Fabricaten,1987,0.305010789351328,0.228779390046649
"Grondstoffen, oliën en vetten",1987,0.0592520177875273,0.0654140978457067
Machines,1987,0.287449778848103,0.209533744344687
Minerale brandstoffen,1987,0.112543067990796,0.110797252631332
"Voeding, dranken en tabak",1987,0.129925249466493,0.205466607280996
Chemische producten,1988,0.10880012605373,0.18938033956959
Fabricaten,1988,0.314031355865438,0.237763599005083
"Grondstoffen, oliën en vetten",1988,0.0636458790559476,0.0690169784795069
Machines,1988,0.286243261190082,0.219206229047259
Minerale brandstoffen,1988,0.0937074427974924,0.0850221693522224
"Voeding, dranken en tabak",1988,0.13357193503731,0.199610684546339
Chemische producten,1989,0.110627836611195,0.180036695132612
Fabricaten,1989,0.305030257186082,0.238086089470802
"Grondstoffen, oliën en vetten",1989,0.0643462855322876,0.0683951162813037
Machines,1989,0.301994585556175,0.225924823008425
Minerale brandstoffen,1989,0.103431801895055,0.0904410140152352
"Voeding, dranken en tabak",1989,0.114579186240943,0.197116262091623
Chemische producten,1990,0.104819831919874,0.169731701923786
Fabricaten,1990,0.313615257684485,0.239957249207636
"Grondstoffen, oliën en vetten",1990,0.0583099888714072,0.0634351735829587
Machines,1990,0.309557158755133,0.235958575956365
Minerale brandstoffen,1990,0.104359338424345,0.0968158030515221
"Voeding, dranken en tabak",1990,0.109338424344756,0.194092282744896
Chemische producten,1991,0.105028857145513,0.161263206328419
Fabricaten,1991,0.313014061468973,0.243332684446175
"Grondstoffen, oliën en vetten",1991,0.0519428619225086,0.0638504963986763
Machines,1991,0.319101478638277,0.236262763905357
Minerale brandstoffen,1991,0.0948335951077612,0.0988196152689047
"Voeding, dranken en tabak",1991,0.116079145716968,0.19648008211372
Chemische producten,1992,0.107476504941181,0.158391061452514
Fabricaten,1992,0.314223708353902,0.246748603351955
"Grondstoffen, oliën en vetten",1992,0.0529884597114462,0.064545251396648
Machines,1992,0.316189003660479,0.239803351955307
Minerale brandstoffen,1992,0.0858209997857735,0.0857474860335196
"Voeding, dranken en tabak",1992,0.123310637742984,0.20475530726257
Chemische producten,1993,0.116722003938618,0.15904631920157
Fabricaten,1993,0.292152255192031,0.232500213255993
"Grondstoffen, oliën en vetten",1993,0.0579757023393871,0.0639000255907191
Machines,1993,0.310332689581688,0.248946515397083
Minerale brandstoffen,1993,0.0941653268387354,0.0887997952742472
"Voeding, dranken en tabak",1993,0.128661535680648,0.206798601040689
Chemische producten,1994,0.127338240499551,0.174501686599203
Fabricaten,1994,0.288748309568974,0.231999386691199
"Grondstoffen, oliën en vetten",1994,0.0592853447571679,0.068000613308801
Machines,1994,0.31567721616642,0.252798221404477
Minerale brandstoffen,1994,0.0808684050499642,0.075
"Voeding, dranken en tabak",1994,0.128073407818187,0.19770009199632
Chemische producten,1995,0.132242582559838,0.18211029637271
Fabricaten,1995,0.280977811439745,0.228566649008838
"Grondstoffen, oliën en vetten",1995,0.0601201010889475,0.0621462625812028
Machines,1995,0.332867046394262,0.269418964507765
Minerale brandstoffen,1995,0.074989759720537,0.0704407951598963
"Voeding, dranken en tabak",1995,0.118818155822275,0.187310062174143
Chemische producten,1996,0.120231858369129,0.165005983662001
Fabricaten,1996,0.244223195843131,0.229642541235236
"Grondstoffen, oliën en vetten",1996,0.0525612344814277,0.0626268276185025
Machines,1996,0.342877359501976,0.286604401893959
Minerale brandstoffen,1996,0.0819223374525598,0.0747177272490764
"Voeding, dranken en tabak",1996,0.115300222280989,0.181402518341225
Chemische producten,1997,0.119917434106065,0.163311379585932
Fabricaten,1997,0.282972372181645,0.232818616155547
"Grondstoffen, oliën en vetten",1997,0.0516354398221658,0.0615327176950315
Machines,1997,0.357865989202922,0.303265060873522
Minerale brandstoffen,1997,0.0810034931724357,0.0722081891950228
"Voeding, dranken en tabak",1997,0.106605271514767,0.166858202903962
Chemische producten,1998,0.116754946438327,0.157157954727797
Fabricaten,1998,0.280830621600437,0.233022923825175
"Grondstoffen, oliën en vetten",1998,0.0510617325004157,0.0616890482435027
Machines,1998,0.39446806489157,0.329504396084746
Minerale brandstoffen,1998,0.057344243604665,0.0561614350768277
"Voeding, dranken en tabak",1998,0.0995344528633524,0.162458708895639
Chemische producten,1999,0.109954733408311,0.152658034549677
Fabricaten,1999,0.272796960591767,0.229058632647218
"Grondstoffen, oliën en vetten",1999,0.0463688807569425,0.0611088134550738
Machines,1999,0.402475394334122,0.339165844812776
Minerale brandstoffen,1999,0.0683643037393898,0.0590144116056374
"Voeding, dranken en tabak",1999,0.100039727169467,0.158988960646454
Chemische producten,2000,0.111526125050334,0.155554788789497
Fabricaten,2000,0.254298634156727,0.216274034521725
"Grondstoffen, oliën en vetten",2000,0.0448955599679714,0.056501073951711
Machines,2000,0.398131048751024,0.342754492051032
Minerale brandstoffen,2000,0.102639581221622,0.0859031977020021
"Voeding, dranken en tabak",2000,0.0885090508523214,0.143008099924953
Chemische producten,2001,0.113520817111712,0.152959115600877
Fabricaten,2001,0.25523290431915,0.212336174426844
"Grondstoffen, oliën en vetten",2001,0.0441487656300096,0.0540525982124729
Machines,2001,0.390065497183163,0.344548539606114
Minerale brandstoffen,2001,0.101516053680209,0.092086235544193
"Voeding, dranken en tabak",2001,0.0955159620757569,0.144009049511268
Chemische producten,2002,0.121697677246747,0.164724284928493
Fabricaten,2002,0.256388179496534,0.214603100935094
"Grondstoffen, oliën en vetten",2002,0.0453946248327861,0.0590965346534653
Machines,2002,0.377429162106287,0.327325701320132
Minerale brandstoffen,2002,0.100625076006324,0.0816659790979098
"Voeding, dranken en tabak",2002,0.0984652803113219,0.152575804455446
Chemische producten,2003,0.12093277323111,0.165843888523526
Fabricaten,2003,0.250711810003529,0.212951495947319
"Grondstoffen, oliën en vetten",2003,0.045812043486878,0.0597994585037965
Machines,2003,0.377832133689762,0.327630825995234
Minerale brandstoffen,2003,0.104221552978484,0.0827020148100066
"Voeding, dranken en tabak",2003,0.100484852586444,0.151068045745326
Chemische producten,2004,0.1253214747311,0.170009816306018
Fabricaten,2004,0.23678941488313,
"Grondstoffen, oliën en vetten",2004,0.047939713903919,0.0623198551410459
Machines,2004,0.379960130561458,0.329370309389629
Minerale brandstoffen,2004,0.117084711603759,
"Voeding, dranken en tabak",2004,0.0927336852943109,0.143427572478363
Chemische producten,2005,0.130086572289663,0.169487428325637
Fabricaten,2005,0.230967504372641,0.201864866498167
"Grondstoffen, oliën en vetten",2005,0.0470123954868741,0.0613066862893565
Machines,2005,0.356483315922817,0.322537299107381
Minerale brandstoffen,2005,0.147913339657153,0.1095351342128
"Voeding, dranken en tabak",2005,0.0874728335914893,0.135151276008062
Chemische producten,2006,0.126259316753862,0.166393383517107
Fabricaten,2006,0.235638970750562,0.206783901480118
"Grondstoffen, oliën en vetten",2006,0.0461711514403956,0.0624903985126708
Machines,2006,0.342040066859864,0.307050078222729
Minerale brandstoffen,2006,0.166634544963959,0.129890488178806
"Voeding, dranken en tabak",2006,0.0832559492313569,0.127391750088569
Chemische producten,2007,0.133728630983569,0.171123133147248
Fabricaten,2007,0.234894021394238,0.191729734396132
"Grondstoffen, oliën en vetten",2007,0.0489717813452921,0.0613881614917556
Machines,2007,0.334978960488676,0.326315789473684
Minerale brandstoffen,2007,0.161130438461463,0.121475640988749
"Voeding, dranken en tabak",2007,0.0862961673267617,0.127967540502432
Chemische producten,2008,0.14426050897963,0.178059267616582
Fabricaten,2008,0.22908548583472,0.188815322452219
"Grondstoffen, oliën en vetten",2008,0.0511420636031042,0.0597507618309855
Machines,2008,0.303729679364862,0.289862856926926
Minerale brandstoffen,2008,0.181938337793628,0.153318991926886
"Voeding, dranken en tabak",2008,0.0898439244240564,0.130190100110934
Chemische producten,2009,0.160423319040234,0.191544724907796
Fabricaten,2009,0.230522762521668,
"Grondstoffen, oliën en vetten",2009,0.0440653225070705,0.0596084287695277
Machines,2009,0.30277894352705,0.285277451845531
Minerale brandstoffen,2009,0.156810509989964,
"Voeding, dranken en tabak",2009,0.105395493111942,0.148825512575597
Chemische producten,2010,0.153762721668866,0.190136428842495
Fabricaten,2010,0.219942515229849,0.188400453237662
"Grondstoffen, oliën en vetten",2010,0.0482956428472436,0.0594672573469448
Machines,2010,0.301728761064613,0.2865813122899
Minerale brandstoffen,2010,0.180914333230897,0.137163604262157
"Voeding, dranken en tabak",2010,0.0953560259585314,0.138250944020842
Chemische producten,2011,0.128619266582996,0.179456612549407
Fabricaten,2011,0.217676654189114,0.18661171883779
"Grondstoffen, oliën en vetten",2011,0.0540827902949123,0.0605753399225128
Machines,2011,0.282356229550425,0.273139892221479
Minerale brandstoffen,2011,0.219326321789314,0.165654512675946
"Voeding, dranken en tabak",2011,0.0979359972816109,0.134561923792866
Chemische producten,2012,0.129215892196411,0.179736896608698
Fabricaten,2012,0.197306964454909,0.179364558535036
"Grondstoffen, oliën en vetten",2012,0.0512801419441313,0.0594856614934946
Machines,2012,0.269989138500805,0.255561218197093
Minerale brandstoffen,2012,0.255756209413813,0.19274778517024
"Voeding, dranken en tabak",2012,0.0964516534899306,0.133101552882478
Chemische producten,2013,0.135044195105538,0.172809889495874
Fabricaten,2013,0.199324455487829,0.180817167160002
"Grondstoffen, oliën en vetten",2013,0.0482095482134307,0.0555683827977447
Machines,2013,0.268892598775737,0.25170050749701
Minerale brandstoffen,2013,0.247345058301303,0.197898435948705
"Voeding, dranken en tabak",2013,0.101184144116163,0.141210234907852
Chemische producten,2014,0.1350492657211,0.175420218963787
Fabricaten,2014,0.211463432492364,0.190909195786851
"Grondstoffen, oliën en vetten",2014,0.0460467135266307,0.0545725130074642
Machines,2014,0.285918999205054,0.265832189291771
Minerale brandstoffen,2014,0.218244006526924,0.16913048995743
"Voeding, dranken en tabak",2014,0.103277582527928,0.144133085681983
Chemische producten,2015,0.131237657679442,0.177749879469762
Fabricaten,2015,0.232469538817018,0.203216367290242
"Grondstoffen, oliën en vetten",2015,0.0474079447601392,0.055267290718933
Machines,2015,0.303577425811739,0.279479786721148
Minerale brandstoffen,2015,0.172613818025497,0.135936627349146
"Voeding, dranken en tabak",2015,0.112690928142506,0.148350048450769
Chemische producten,2016,0.131229137821854,0.173819343636702
Fabricaten,2016,0.242379603095384,0.212204056568927
"Grondstoffen, oliën en vetten",2016,0.0466588316106943,0.0559595707688
Machines,2016,0.317392214315613,0.285592616206983
Minerale brandstoffen,2016,0.146977063678612,0.118789099353236
"Voeding, dranken en tabak",2016,0.115360466239495,0.153640018915911
