Land,Jaar,Aandeel in invoer,Aandeel in uitvoer
Verenigde Staten,1917,0.204545454545455,0.0455764075067024
Australië en Oceanië,1917,,
China,1917,0.00227272727272727,
Indonesië,1917,0.104545454545455,0.00804289544235925
Japan,1917,,
Saoedi Arabië,1917,,
België,1917,0.0227272727272727,0.0777479892761394
Duitsland,1917,0.254545454545455,0.386058981233244
Frankrijk,1917,0.00227272727272727,0.0268096514745308
Italië,1917,0.00227272727272727,
Russische Federatie,1917,,
Verenigd Koninkrijk,1917,0.197727272727273,0.249329758713137
Verenigde Staten,1918,0.0392857142857143,0.0342857142857143
Australië en Oceanië,1918,,
China,1918,,
Indonesië,1918,0.00714285714285714,0.0171428571428571
Japan,1918,,
Saoedi Arabië,1918,,
België,1918,0.0214285714285714,0.0514285714285714
Duitsland,1918,0.521428571428571,0.4
Frankrijk,1918,0.00357142857142857,0.0285714285714286
Italië,1918,,0.00571428571428571
Russische Federatie,1918,0.00714285714285714,0.0114285714285714
Verenigd Koninkrijk,1918,0.0857142857142857,0.194285714285714
Verenigde Staten,1919,0.193623639191291,0.0401854714064915
Australië en Oceanië,1919,,
China,1919,0.00855365474339036,0.00154559505409583
Indonesië,1919,0.115863141524106,0.0324574961360124
Japan,1919,0.00622083981337481,
Saoedi Arabië,1919,,
België,1919,0.0777604976671851,0.129829984544049
Duitsland,1919,0.315707620528771,0.404945904173107
Frankrijk,1919,0.0147744945567652,0.0340030911901082
Italië,1919,0.00233281493001555,0.00772797527047914
Russische Federatie,1919,0.00777604976671851,0.0200927357032458
Verenigd Koninkrijk,1919,0.209175738724728,0.340030911901082
Verenigde Staten,1920,0.157444005270092,0.0448143405889885
Australië en Oceanië,1920,0.00131752305665349,0.00384122919334187
China,1920,0.00527009222661397,0.00384122919334187
Indonesië,1920,0.0718050065876153,0.0268886043533931
Japan,1920,0.00856389986824769,0.00128040973111396
Saoedi Arabië,1920,,
België,1920,0.0961791831357049,0.104993597951344
Duitsland,1920,0.270092226613966,0.244558258642766
Frankrijk,1920,0.0237154150197628,0.0358514724711908
Italië,1920,0.00263504611330698,0.00640204865556978
Russische Federatie,1920,0.00131752305665349,0.00128040973111396
Verenigd Koninkrijk,1920,0.16600790513834,0.19078104993598
Verenigde Staten,1921,0.172983479105928,0.0334394904458599
Australië en Oceanië,1921,0.000971817298347911,0.00318471337579618
China,1921,0.00485908649173955,0.00159235668789809
Indonesië,1921,0.0573372206025267,0.143312101910828
Japan,1921,0.0087463556851312,0.00477707006369427
Saoedi Arabië,1921,,
België,1921,0.101068999028183,0.124203821656051
Duitsland,1921,0.276967930029155,0.18312101910828
Frankrijk,1921,0.0281827016520894,0.0621019108280255
Italië,1921,0.00388726919339164,0.00796178343949045
Russische Federatie,1921,0.000971817298347911,0.00318471337579618
Verenigd Koninkrijk,1921,0.137998056365403,0.254777070063694
Verenigde Staten,1922,0.133405639913232,0.0501792114695341
Australië en Oceanië,1922,0.00325379609544469,0.00537634408602151
China,1922,0.00433839479392625,0.0017921146953405
Indonesië,1922,0.0509761388286334,0.10752688172043
Japan,1922,0.00759219088937093,0.0017921146953405
Saoedi Arabië,1922,,
België,1922,0.0943600867678959,0.14336917562724
Duitsland,1922,0.299349240780911,0.136200716845878
Frankrijk,1922,0.0281995661605206,0.0931899641577061
Italië,1922,0.00542299349240781,0.0125448028673835
Russische Federatie,1922,0.00325379609544469,0.003584229390681
Verenigd Koninkrijk,1922,0.15943600867679,0.245519713261649
Verenigde Staten,1923,0.126775956284153,0.0521008403361345
Australië en Oceanië,1923,0.00327868852459016,0.00504201680672269
China,1923,0.00655737704918033,0.00336134453781513
Indonesië,1923,0.0568306010928962,0.0840336134453782
Japan,1923,0.00765027322404372,0.00336134453781513
Saoedi Arabië,1923,,
België,1923,0.109289617486339,0.107563025210084
Duitsland,1923,0.245901639344262,0.142857142857143
Frankrijk,1923,0.033879781420765,0.0957983193277311
Italië,1923,0.00437158469945355,0.0100840336134454
Russische Federatie,1923,0.0109289617486339,0.00168067226890756
Verenigd Koninkrijk,1923,0.153005464480874,0.273949579831933
Verenigde Staten,1924,0.114525139664804,0.0339425587467363
Australië en Oceanië,1924,0.00465549348230913,0.00391644908616188
China,1924,0.00558659217877095,0.00261096605744125
Indonesië,1924,0.0567970204841713,0.0639686684073107
Japan,1924,0.00651769087523278,0.00391644908616188
Saoedi Arabië,1924,,
België,1924,0.108007448789572,0.0900783289817232
Duitsland,1924,0.243947858472998,0.278067885117494
Frankrijk,1924,0.0418994413407821,0.066579634464752
Italië,1924,0.00558659217877095,0.010443864229765
Russische Federatie,1924,0.0195530726256983,0.00652741514360313
Verenigd Koninkrijk,1924,0.129422718808194,0.245430809399478
Verenigde Staten,1925,0.112208258527828,0.0389768574908648
Australië en Oceanië,1925,0.00359066427289048,0.0048721071863581
China,1925,0.00448833034111311,0.00365408038976857
Indonesië,1925,0.0556552962298025,0.074299634591961
Japan,1925,0.00807899461400359,0.00243605359317905
Saoedi Arabië,1925,,
België,1925,0.112208258527828,0.0913520097442144
Duitsland,1925,0.242369838420108,0.259439707673569
Frankrijk,1925,0.0439856373429084,0.0475030450669915
Italië,1925,0.00718132854578097,0.0121802679658952
Russische Federatie,1925,0.0143626570915619,0.0097442143727162
Verenigd Koninkrijk,1925,0.160682226211849,0.258221680876979
Verenigde Staten,1926,0.105500450856628,0.0453400503778338
Australië en Oceanië,1926,0.0036068530207394,0.00629722921914358
China,1926,0.00541027953110911,0.00377833753148615
Indonesië,1926,0.0595130748422002,0.0730478589420655
Japan,1926,0.00991884580703336,0.00377833753148615
Saoedi Arabië,1926,,
België,1926,0.111812443642922,0.0831234256926952
Duitsland,1926,0.27321911632101,0.217884130982368
Frankrijk,1926,0.0459873760144274,0.0478589420654912
Italië,1926,0.00721370604147881,0.0125944584382872
Russische Federatie,1926,0.0162308385933273,0.00125944584382872
Verenigd Koninkrijk,1926,0.0946798917944094,0.275818639798489
Verenigde Staten,1927,0.105445116681072,0.0336426914153132
Australië en Oceanië,1927,0.00518582541054451,0.00580046403712297
China,1927,0.00518582541054451,0.00348027842227378
Indonesië,1927,0.0458081244598099,0.0719257540603248
Japan,1927,0.0129645635263613,0.00232018561484919
Saoedi Arabië,1927,,
België,1927,0.106309420916162,0.0835266821345708
Duitsland,1927,0.256698357821953,0.244779582366589
Frankrijk,1927,0.0484010371650821,0.0684454756380511
Italië,1927,0.00777873811581677,0.0139211136890951
Russische Federatie,1927,0.0121002592912705,0.00232018561484919
Verenigd Koninkrijk,1927,0.0968020743301642,0.238979118329466
Verenigde Staten,1928,0.0991803278688525,0.0343300110741971
Australië en Oceanië,1928,0.00409836065573771,0.00553709856035438
China,1928,0.00491803278688525,0.00332225913621262
Indonesië,1928,0.0524590163934426,0.0874861572535991
Japan,1928,0.00737704918032787,0.00221483942414175
Saoedi Arabië,1928,,
België,1928,0.112295081967213,0.0874861572535991
Duitsland,1928,0.271311475409836,0.234772978959025
Frankrijk,1928,0.0450819672131148,0.062015503875969
Italië,1928,0.00655737704918033,0.0188261351052049
Russische Federatie,1928,0.00819672131147541,0.00221483942414175
Verenigd Koninkrijk,1928,0.0934426229508197,0.217054263565891
Verenigde Staten,1929,0.09800796812749,0.0351648351648352
Australië en Oceanië,1929,0.00239043824701195,0.00659340659340659
China,1929,0.0047808764940239,0.0043956043956044
Indonesië,1929,0.052589641434263,0.0934065934065934
Japan,1929,0.00717131474103586,0.0032967032967033
Saoedi Arabië,1929,,
België,1929,0.102788844621514,0.103296703296703
Duitsland,1929,0.304382470119522,0.227472527472527
Frankrijk,1929,0.0406374501992032,0.0582417582417582
Italië,1929,0.00796812749003984,0.0153846153846154
Russische Federatie,1929,0.0151394422310757,0.0010989010989011
Verenigd Koninkrijk,1929,0.0932270916334661,0.203296703296703
Verenigde Staten,1930,0.0871934604904632,0.0280612244897959
Australië en Oceanië,1930,0.0036330608537693,0.00637755102040816
China,1930,0.0036330608537693,0.0038265306122449
Indonesië,1930,0.0399636693914623,0.0829081632653061
Japan,1930,0.00999091734786558,0.00255102040816327
Saoedi Arabië,1930,,
België,1930,0.107175295186194,0.112244897959184
Duitsland,1930,0.316984559491372,0.207908163265306
Frankrijk,1930,0.0445049954586739,0.0790816326530612
Italië,1930,0.00908265213442325,0.0114795918367347
Russische Federatie,1930,0.0254314259763851,0.00255102040816327
Verenigd Koninkrijk,1930,0.0944595821980018,0.219387755102041
Verenigde Staten,1931,0.0779069767441861,0.0251256281407035
Australië en Oceanië,1931,0.00348837209302326,0.0033500837520938
China,1931,0.00465116279069768,0.0050251256281407
Indonesië,1931,0.0395348837209302,0.0703517587939699
Japan,1931,0.0104651162790698,0.0033500837520938
Saoedi Arabië,1931,,
België,1931,0.104651162790698,0.132328308207705
Duitsland,1931,0.326744186046512,0.190954773869347
Frankrijk,1931,0.0395348837209302,0.0887772194304858
Italië,1931,0.0104651162790698,0.0100502512562814
Russische Federatie,1931,0.0383720930232558,0.0033500837520938
Verenigd Koninkrijk,1931,0.0848837209302326,0.241206030150754
Verenigde Staten,1932,0.0657672849915683,0.0336787564766839
Australië en Oceanië,1932,0.00337268128161889,0.00518134715025907
China,1932,0.00843170320404722,0.00518134715025907
Indonesië,1932,0.0505902192242833,0.0595854922279793
Japan,1932,0.00674536256323777,0.00259067357512953
Saoedi Arabië,1932,,
België,1932,0.102866779089376,0.139896373056995
Duitsland,1932,0.306913996627319,0.209844559585492
Frankrijk,1932,0.0421585160202361,0.101036269430052
Italië,1932,0.0118043844856661,0.0155440414507772
Russische Federatie,1932,0.0269814502529511,0.00518134715025907
Verenigd Koninkrijk,1932,0.09106239460371,0.189119170984456
Verenigde Staten,1933,0.0615114235500879,0.043859649122807
Australië en Oceanië,1933,0.00175746924428823,0.00292397660818713
China,1933,0.00878734622144113,0.00292397660818713
Indonesië,1933,0.0439367311072056,0.043859649122807
Japan,1933,0.0070298769771529,0.00292397660818713
Saoedi Arabië,1933,,
België,1933,0.103690685413005,0.140350877192982
Duitsland,1933,0.31634446397188,0.213450292397661
Frankrijk,1933,0.0439367311072056,0.0994152046783626
Italië,1933,0.0140597539543058,0.0175438596491228
Russische Federatie,1933,0.0281195079086116,0.00584795321637427
Verenigd Koninkrijk,1933,0.0896309314586995,0.169590643274854
Verenigde Staten,1934,0.063265306122449,0.0389221556886228
Australië en Oceanië,1934,0.00204081632653061,0.0029940119760479
China,1934,0.0142857142857143,0.0029940119760479
Indonesië,1934,0.0591836734693878,0.0419161676646707
Japan,1934,0.00816326530612245,
Saoedi Arabië,1934,,
België,1934,0.106122448979592,0.116766467065868
Duitsland,1934,0.289795918367347,0.245508982035928
Frankrijk,1934,0.0428571428571429,0.0808383233532934
Italië,1934,0.0142857142857143,0.0209580838323353
Russische Federatie,1934,0.0244897959183673,0.0119760479041916
Verenigd Koninkrijk,1934,0.0938775510204082,0.18562874251497
Verenigde Staten,1935,0.0653153153153153,0.0588235294117647
Australië en Oceanië,1935,0.00225225225225225,0.00619195046439629
China,1935,0.00900900900900901,
Indonesië,1935,0.0608108108108108,0.0464396284829721
Japan,1935,0.00675675675675676,0.00309597523219814
Saoedi Arabië,1935,,
België,1935,0.114864864864865,0.111455108359133
Duitsland,1935,0.254504504504505,0.18266253869969
Frankrijk,1935,0.0472972972972973,0.0712074303405573
Italië,1935,0.0135135135135135,0.021671826625387
Russische Federatie,1935,0.0225225225225225,0.021671826625387
Verenigd Koninkrijk,1935,0.0990990990990991,0.207430340557276
Verenigde Staten,1936,0.0679012345679012,0.07202216066482
Australië en Oceanië,1936,0.00205761316872428,0.00554016620498615
China,1936,0.00823045267489712,0.00277008310249308
Indonesië,1936,0.0740740740740741,0.0554016620498615
Japan,1936,0.00617283950617284,0.00277008310249308
Saoedi Arabië,1936,,
België,1936,0.121399176954733,0.127423822714681
Duitsland,1936,0.230452674897119,0.149584487534626
Frankrijk,1936,0.0411522633744856,0.074792243767313
Italië,1936,0.00205761316872428,0.00554016620498615
Russische Federatie,1936,0.0205761316872428,0.0221606648199446
Verenigd Koninkrijk,1936,0.106995884773663,0.213296398891967
Verenigde Staten,1937,0.0851648351648352,0.0622710622710623
Australië en Oceanië,1937,0.00274725274725275,0.0054945054945055
China,1937,0.00686813186813187,0.00183150183150183
Indonesië,1937,0.0796703296703297,0.0805860805860806
Japan,1937,0.0054945054945055,0.00366300366300366
Saoedi Arabië,1937,,
België,1937,0.119505494505495,0.117216117216117
Duitsland,1937,0.210164835164835,0.148351648351648
Frankrijk,1937,0.0398351648351648,0.0659340659340659
Italië,1937,0.00824175824175824,0.00915750915750916
Russische Federatie,1937,0.0247252747252747,0.0183150183150183
Verenigd Koninkrijk,1937,0.0906593406593407,0.210622710622711
Verenigde Staten,1938,0.105580693815988,0.0428571428571429
Australië en Oceanië,1938,0.00301659125188537,0.00612244897959184
China,1938,0.00301659125188537,
Indonesië,1938,0.0693815987933635,0.0959183673469388
Japan,1938,0.00452488687782806,0.00204081632653061
Saoedi Arabië,1938,,
België,1938,0.117647058823529,0.106122448979592
Duitsland,1938,0.212669683257919,0.144897959183673
Frankrijk,1938,0.0467571644042232,0.0591836734693878
Italië,1938,0.00904977375565611,0.0122448979591837
Russische Federatie,1938,0.0271493212669683,0.026530612244898
Verenigd Koninkrijk,1938,0.0874811463046757,0.220408163265306
Verenigde Staten,1939,0.0946327683615819,0.0459518599562363
Australië en Oceanië,1939,0.00282485875706215,0.00656455142231947
China,1939,0.00282485875706215,
Indonesië,1939,0.0593220338983051,0.100656455142232
Japan,1939,0.00423728813559322,
Saoedi Arabië,1939,,
België,1939,0.148305084745763,0.0962800875273523
Duitsland,1939,0.235875706214689,0.137855579868709
Frankrijk,1939,0.0508474576271187,0.0547045951859956
Italië,1939,0.00988700564971752,0.0109409190371991
Russische Federatie,1939,0.0141242937853107,0.0218818380743982
Verenigd Koninkrijk,1939,0.0819209039548023,0.227571115973742
Verenigde Staten,1940,0.131465517241379,0.0169491525423729
Australië en Oceanië,1940,,
China,1940,0.0021551724137931,
Indonesië,1940,0.0538793103448276,0.064406779661017
Japan,1940,0.0021551724137931,
Saoedi Arabië,1940,,
België,1940,0.148706896551724,0.0983050847457627
Duitsland,1940,0.316810344827586,0.477966101694915
Frankrijk,1940,0.0258620689655172,0.0305084745762712
Italië,1940,0.0193965517241379,0.0135593220338983
Russische Federatie,1940,0.00431034482758621,0.0169491525423729
Verenigd Koninkrijk,1940,0.0538793103448276,0.11864406779661
Verenigde Staten,1941,0.0029585798816568,
Australië en Oceanië,1941,,
China,1941,,
Indonesië,1941,0.00887573964497041,
Japan,1941,,
Saoedi Arabië,1941,,
België,1941,0.118343195266272,0.100694444444444
Duitsland,1941,0.695266272189349,0.791666666666667
Frankrijk,1941,0.014792899408284,0.0243055555555556
Italië,1941,0.0355029585798817,0.0104166666666667
Russische Federatie,1941,,
Verenigd Koninkrijk,1941,0,
Verenigde Staten,1942,,
Australië en Oceanië,1942,,
China,1942,,
Indonesië,1942,,
Japan,1942,,
Saoedi Arabië,1942,,
België,1942,0.10958904109589,0.0714285714285714
Duitsland,1942,0.675799086757991,0.785714285714286
Frankrijk,1942,0.0365296803652968,0.0428571428571429
Italië,1942,0.0273972602739726,0.0107142857142857
Russische Federatie,1942,,
Verenigd Koninkrijk,1942,0,
Verenigde Staten,1943,,
Australië en Oceanië,1943,,
China,1943,,
Indonesië,1943,,
Japan,1943,,
Saoedi Arabië,1943,,
België,1943,0.0994764397905759,0.0687285223367698
Duitsland,1943,0.675392670157068,0.835051546391753
Frankrijk,1943,0.0628272251308901,0.0343642611683849
Italië,1943,0.0209424083769634,0.00343642611683849
Russische Federatie,1943,0.00523560209424084,
Verenigd Koninkrijk,1943,0,
Verenigde Staten,1944,,
Australië en Oceanië,1944,,
China,1944,,
Indonesië,1944,,
Japan,1944,,
Saoedi Arabië,1944,,
België,1944,,
Duitsland,1944,,
Frankrijk,1944,,
Italië,1944,,
Russische Federatie,1944,,
Verenigd Koninkrijk,1944,,
Verenigde Staten,1945,,
Australië en Oceanië,1945,,
China,1945,,
Indonesië,1945,,
Japan,1945,,
Saoedi Arabië,1945,,
België,1945,,
Duitsland,1945,,
Frankrijk,1945,,
Italië,1945,,
Russische Federatie,1945,,
Verenigd Koninkrijk,1945,,
Verenigde Staten,1946,0.242757242757243,0.072972972972973
Australië en Oceanië,1946,0.00699300699300699,0.0027027027027027
China,1946,,0.0027027027027027
Indonesië,1946,0.00899100899100899,0.0324324324324324
Japan,1946,,
Saoedi Arabië,1946,0,0.0027027027027027
België,1946,0.136863136863137,0.208108108108108
Duitsland,1946,0.024975024975025,0.0648648648648649
Frankrijk,1946,0.043956043956044,0.0702702702702703
Italië,1946,0.003996003996004,0.0135135135135135
Russische Federatie,1946,0,0
Verenigd Koninkrijk,1946,0.168831168831169,0.108108108108108
Verenigde Staten,1947,0.280123583934089,0.0325960419091967
Australië en Oceanië,1947,0.00669412976313079,0.00931315483119907
China,1947,0.00411946446961895,0.00232828870779977
Indonesië,1947,0.0458290422245108,0.0710128055878929
Japan,1947,,
Saoedi Arabië,1947,0.00154479917610711,0.00116414435389988
België,1947,0.122039134912461,0.155995343422584
Duitsland,1947,0.0226570545829042,0.030267753201397
Frankrijk,1947,0.0463439752832132,0.0733410942956927
Italië,1947,0.0175077239958805,0.0291036088474971
Russische Federatie,1947,0.00205973223480947,0.00349243306169965
Verenigd Koninkrijk,1947,0.0983522142121524,0.128055878928987
Verenigde Staten,1948,0.173546382600976,0.0316045380875203
Australië en Oceanië,1948,0.00887705281846427,0.0121555915721232
China,1948,0.00133155792276964,0.000810372771474878
Indonesië,1948,0.0674656014203285,0.0737439222042139
Japan,1948,,
Saoedi Arabië,1948,0.00488237905015535,
België,1948,0.147359076786507,0.155591572123177
Duitsland,1948,0.0537061695517088,0.0591572123176661
Frankrijk,1948,0.0492676431424767,0.0810372771474878
Italië,1948,0.0110963160230803,0.020259319286872
Russische Federatie,1948,0.00177541056369285,0.00405186385737439
Verenigd Koninkrijk,1948,0.0989791389258766,0.144246353322528
Verenigde Staten,1949,0.164876033057851,0.0337528604118993
Australië en Oceanië,1949,0.00743801652892562,0.0068649885583524
China,1949,0.000413223140495868,
Indonesië,1949,0.0756198347107438,0.101830663615561
Japan,1949,0.00206611570247934,0.0005720823798627
Saoedi Arabië,1949,0.0144628099173554,0.0017162471395881
België,1949,0.14297520661157,0.132723112128146
Duitsland,1949,0.0677685950413223,0.106979405034325
Frankrijk,1949,0.0669421487603306,0.0709382151029748
Italië,1949,0.0140495867768595,0.0194508009153318
Russische Federatie,1949,0.0111570247933884,0.0051487414187643
Verenigd Koninkrijk,1949,0.116528925619835,0.16304347826087
Verenigde Staten,1950,0.115124153498871,0.0504926108374384
Australië en Oceanië,1950,0.0152370203160271,0.0160098522167488
China,1950,0.00564334085778781,
Indonesië,1950,0.0654627539503386,0.0591133004926108
Japan,1950,0.00338600451467269,0.000410509031198686
Saoedi Arabië,1950,0.00874717832957111,0.000410509031198686
België,1950,0.183972911963883,0.135467980295567
Duitsland,1950,0.123024830699774,0.206486042692939
Frankrijk,1950,0.0474040632054176,0.0451559934318555
Italië,1950,0.00959367945823928,0.013136288998358
Russische Federatie,1950,0.00112866817155756,0.000410509031198686
Verenigd Koninkrijk,1950,0.104966139954853,0.14696223316913
Verenigde Staten,1951,0.110404361653794,0.0606781677572873
Australië en Oceanië,1951,0.0109041344843253,0.0258774538964902
China,1951,0.00681508405270332,
Indonesië,1951,0.0792821444797819,0.0580011897679952
Japan,1951,0.00386188096319855,0.00178465199286139
Saoedi Arabië,1951,0.00499772830531577,0.00118976799524093
België,1951,0.182871422080872,0.147828673408685
Duitsland,1951,0.124261699227624,0.138905413444378
Frankrijk,1951,0.040436165379373,0.0452111838191553
Italië,1951,0.0120399818264425,0.0142772159428911
Russische Federatie,1951,0.00545206724216265,0.000892325996430696
Verenigd Koninkrijk,1951,0.087005906406179,0.159131469363474
Verenigde Staten,1952,0.128325508607199,0.0668133076711576
Australië en Oceanië,1952,0.0140845070422535,0.0214462469067913
China,1952,0.00208659363588941,
Indonesië,1952,0.0646844027125717,0.0585647511685455
Japan,1952,0.00339071465832029,0.00192466318394281
Saoedi Arabië,1952,0.000260824204486176,0.00192466318394281
België,1952,0.171622326551904,0.156172669782788
Duitsland,1952,0.140062597809077,0.139400604894144
Frankrijk,1952,0.0339071465832029,0.0437173494638438
Italië,1952,0.00912884715701617,0.0162221611218037
Russische Federatie,1952,0.0114762649973918,0.00219961506736321
Verenigd Koninkrijk,1952,0.0925925925925926,0.125103106956283
Verenigde Staten,1953,0.099609375,0.0848599137931035
Australië en Oceanië,1953,0.010009765625,0.0204741379310345
China,1953,0.00634765625,0.00188577586206897
Indonesië,1953,0.05517578125,0.0396012931034483
Japan,1953,0.0029296875,0.00511853448275862
Saoedi Arabië,1953,,0.00242456896551724
België,1953,0.17236328125,0.154633620689655
Duitsland,1953,0.15966796875,0.140625
Frankrijk,1953,0.037841796875,0.044989224137931
Italië,1953,0.010009765625,0.0185883620689655
Russische Federatie,1953,0.01318359375,0.0105064655172414
Verenigd Koninkrijk,1953,0.099365234375,0.107489224137931
Verenigde Staten,1954,0.118303571428571,0.0684766938971648
Australië en Oceanië,1954,0.00852272727272727,0.0252282556463239
China,1954,0.00223214285714286,0.000480538202787122
Indonesië,1954,0.0497159090909091,0.0290725612686209
Japan,1954,0.00304383116883117,0.00384430562229697
Saoedi Arabië,1954,0.000202922077922078,0.00240269101393561
België,1954,0.169439935064935,0.14103796251802
Duitsland,1954,0.168628246753247,0.159058145122537
Frankrijk,1954,0.0357142857142857,0.0410860163382989
Italië,1954,0.0105519480519481,0.0199423354156655
Russische Federatie,1954,0.00791396103896104,0.013695338779433
Verenigd Koninkrijk,1954,0.0862418831168831,0.115569437770303
Verenigde Staten,1955,0.135574837310195,0.0589123867069487
Australië en Oceanië,1955,0.00686912509038323,0.0267587397496763
China,1955,0.00253073029645698,0.00107898144151921
Indonesië,1955,0.0310918293564714,0.0289167026327147
Japan,1955,0.00542299349240781,0.0036685369011653
Saoedi Arabië,1955,0.000723065798987708,0.00258955545964609
België,1955,0.180947216196674,0.138109624514458
Duitsland,1955,0.176789587852495,0.171773845489858
Frankrijk,1955,0.0390455531453362,0.0481225722917566
Italië,1955,0.0104844540853218,0.0243849805783341
Russische Federatie,1955,0.0093998553868402,0.00582649978420371
Verenigd Koninkrijk,1955,0.0851409978308026,0.123651273198101
Verenigde Staten,1956,0.139632627646326,0.0624113475177305
Australië en Oceanië,1956,0.00653798256537983,0.0251266464032421
China,1956,0.00311332503113325,0.00202634245187437
Indonesië,1956,0.0312889165628892,0.0324214792299899
Japan,1956,0.00482565379825654,0.00364741641337386
Saoedi Arabië,1956,0.00186799501867995,0.0038500506585613
België,1956,0.189290161892902,0.141843971631206
Duitsland,1956,0.179950186799502,0.181965552178318
Frankrijk,1956,0.0333125778331258,0.0547112462006079
Italië,1956,0.0118306351183064,0.0257345491388045
Russische Federatie,1956,0.0113636363636364,0.00283687943262411
Verenigd Koninkrijk,1956,0.0817247820672478,0.117122593718338
Verenigde Staten,1957,0.131374487922023,0.0513012544467328
Australië en Oceanië,1957,0.00593304139002684,0.0250889346564314
China,1957,0.00240146913405848,0.0018723085564501
Indonesië,1957,0.0293826811696567,0.0263995506459465
Japan,1957,0.00635683006074304,0.00468077139112526
Saoedi Arabië,1957,0.00423788670716203,0.00280846283467515
België,1957,0.180533973725102,0.155214379329714
Duitsland,1957,0.186043226444413,0.18610747051114
Frankrijk,1957,0.0320666760841927,0.0473694064781876
Italië,1957,0.0128549230117248,0.0271484740685265
Russische Federatie,1957,0.00960587653623393,0.00617861823628534
Verenigd Koninkrijk,1957,0.0803785845458398,0.108781127129751
Verenigde Staten,1958,0.1128,0.0562364816149964
Australië en Oceanië,1958,0.00656,0.0232516222062004
China,1958,0.00464,0.00360490266762797
Indonesië,1958,0.02272,0.0113554434030281
Japan,1958,0.00816,0.00414563806777217
Saoedi Arabië,1958,0.00608,0.00288392213410238
België,1958,0.17856,0.149603460706561
Duitsland,1958,0.19536,0.191059841384283
Frankrijk,1958,0.02736,0.0479452054794521
Italië,1958,0.0176,0.0273972602739726
Russische Federatie,1958,0.01136,0.00342465753424658
Verenigd Koninkrijk,1958,0.07376,0.118961788031723
Verenigde Staten,1959,0.11027679623086,0.0574139594724992
Australië en Oceanië,1959,0.00618374558303887,0.0239626889675137
China,1959,0.00559481743227326,0.00305564490189772
Indonesië,1959,0.0184040047114252,0.0090061112898038
Japan,1959,0.00485865724381625,0.00546799614023802
Saoedi Arabië,1959,0.00530035335689046,0.00257317465422966
België,1959,0.183598351001178,0.14667095529109
Duitsland,1959,0.207008244994111,0.21630749437118
Frankrijk,1959,0.0354829210836278,0.0529109038275973
Italië,1959,0.0181095406360424,0.0270183338694114
Russische Federatie,1959,0.0160482921083628,0.00337729173367642
Verenigd Koninkrijk,1959,0.0756772673733804,0.107269218398199
Verenigde Staten,1960,0.132343530014079,0.049244060475162
Australië en Oceanië,1960,0.00473569691539742,0.0220302375809935
China,1960,0.00473569691539742,0.00172786177105832
Indonesië,1960,0.0139511071291437,0.008207343412527
Japan,1960,0.00524766414949443,0.00561555075593953
Saoedi Arabië,1960,0.00627159861768847,0.00244780417566595
België,1960,0.183284269806732,0.142692584593233
Duitsland,1960,0.215538205554844,0.22548596112311
Frankrijk,1960,0.0382695507487521,0.0588912886969043
Italië,1960,0.021118648406502,0.0319654427645788
Russische Federatie,1960,0.00985536925636759,0.00287976961843053
Verenigd Koninkrijk,1960,0.0687316011775246,0.109575233981281
Verenigde Staten,1961,0.111176748582231,0.0447405329593268
Australië en Oceanië,1961,0.00437145557655955,0.0230014025245442
China,1961,0.00295368620037807,0.000981767180925666
Indonesië,1961,0.00815217391304348,0.00518934081346424
Japan,1961,0.0072069943289225,0.00743338008415147
Saoedi Arabië,1961,0.00626181474480151,0.00196353436185133
België,1961,0.190217391304348,0.151051893408135
Duitsland,1961,0.231214555765595,0.230995792426367
Frankrijk,1961,0.0459593572778828,0.0622720897615708
Italië,1961,0.0243383742911153,0.0318373071528752
Russische Federatie,1961,0.00767958412098299,0.00462833099579243
Verenigd Koninkrijk,1961,0.0715973534971645,0.0995792426367461
Verenigde Staten,1962,0.113615664845173,0.0436860974638162
Australië en Oceanië,1962,0.00341530054644809,0.0207143805603506
China,1962,0.0026183970856102,0.000796706944628867
Indonesië,1962,0.00387067395264117,0.00225733634311512
Japan,1962,0.00671675774134791,0.00677200902934537
Saoedi Arabië,1962,0.00466757741347905,0.00252290532465808
België,1962,0.196493624772313,0.147258000265569
Duitsland,1962,0.230874316939891,0.242464480148719
Frankrijk,1962,0.0469034608378871,0.0663922453857389
Italië,1962,0.027436247723133,0.0359845969990705
Russische Federatie,1962,0.00683060109289618,0.00703757801088833
Verenigd Koninkrijk,1962,0.072632058287796,0.105696454654096
Verenigde Staten,1963,0.108651295653948,0.0409765672923568
Australië en Oceanië,1963,0.00326463986941441,0.020979020979021
China,1963,0.0026525198938992,0.00257637099742363
Indonesië,1963,0.00255049989798,0.00184026499815974
Japan,1963,0.00652927973882881,0.00772911299227089
Saoedi Arabië,1963,0.00550907977963681,0.00208563366458103
België,1963,0.192715772291369,0.149920255183413
Duitsland,1963,0.242807590287696,0.258741258741259
Frankrijk,1963,0.0519281779228729,0.0788860262544473
Italië,1963,0.0290756988369721,0.0457612562875721
Russische Federatie,1963,0.00795755968169761,0.00478468899521531
Verenigd Koninkrijk,1963,0.0723321771067129,0.0961845172371488
Verenigde Staten,1964,0.110066419391012,0.0385703804632638
Australië en Oceanië,1964,0.00362287587337186,0.0214862173776334
China,1964,0.00284654532907789,0.0010481081647626
Indonesië,1964,0.0135426550504615,0.00209621632952521
Japan,1964,0.00664193910118175,0.00869929776752961
Saoedi Arabië,1964,0.00379539377210386,0.00230583796247773
België,1964,0.192271198136807,0.152499737972959
Duitsland,1964,0.242646424566549,0.269258987527513
Frankrijk,1964,0.053480548606918,0.0886699507389163
Italië,1964,0.0317432933666868,0.0462215700660308
Russische Federatie,1964,0.00508927801259381,0.00262027041190651
Verenigd Koninkrijk,1964,0.0715949279737773,0.0914998427837753
Verenigde Staten,1965,0.102472056783879,0.0380879832412874
Australië en Oceanië,1965,0.0035897854287346,0.0214244905732241
China,1965,0.00342661336379212,0.00295181870119977
Indonesië,1965,0.0148486579097659,0.0051418777375738
Japan,1965,0.00824018927959533,0.00542753761188345
Saoedi Arabië,1965,0.00554785020804438,0.00276137878499334
België,1965,0.196214408093334,0.148543134641021
Duitsland,1965,0.23668108019907,0.199961912016759
Frankrijk,1965,0.0614342824508444,0.0844601028375548
Italië,1965,0.0398139838459656,0.0462768996381642
Russische Federatie,1965,0.00709798482499796,0.00457055798895449
Verenigd Koninkrijk,1965,0.0651056539120503,0.0869358217482384
Verenigde Staten,1966,0.113506947080708,0.0455283086909484
Australië en Oceanië,1966,0.00280920203477337,0.0193833393436711
China,1966,0.00372029458659175,0.00234403173458348
Indonesië,1966,0.0121479006909119,0.00486837360259647
Japan,1966,0.00873130362159289,0.0073025604038947
Saoedi Arabië,1966,0.0113886568977299,0.00288496213487198
België,1966,0.18973502391618,0.150739271547061
Duitsland,1966,0.248424569129147,0.269022719076812
Frankrijk,1966,0.0601321084200137,0.0894338261810314
Italië,1966,0.0419102573836459,0.0461593941579517
Russische Federatie,1966,0.00599802596613773,0.00369635773530472
Verenigd Koninkrijk,1966,0.0610432009718321,0.0822214208438514
Verenigde Staten,1967,0.106308411214953,0.0470303232812631
Australië en Oceanië,1967,0.00335864485981308,0.0223039010943113
China,1967,0.00335864485981308,0.00167070420182107
Indonesië,1967,0.0117552570093458,0.006265140756829
Japan,1967,0.0104410046728972,0.0101912956311085
Saoedi Arabië,1967,0.0110981308411215,0.00284019714309581
België,1967,0.184433411214953,0.147272575390527
Duitsland,1967,0.254088785046729,0.260963996324451
Frankrijk,1967,0.0635952102803738,0.0918887311001587
Italië,1967,0.0430052570093458,0.0491187035335394
Russische Federatie,1967,0.00620619158878505,0.00910533789992482
Verenigd Koninkrijk,1967,0.0554906542056075,0.0882967170662434
Verenigde Staten,1968,0.10914570230608,0.052324308545574
Australië en Oceanië,1968,0.00327568134171908,0.0215281325257243
China,1968,0.00288259958071279,0.00350288258045683
Indonesië,1968,0.00642033542976939,0.00445157994599723
Japan,1968,0.00917190775681342,0.00766255564474933
Saoedi Arabië,1968,0.0102201257861635,0.00240823177406407
België,1968,0.179769392033543,0.143034372035321
Duitsland,1968,0.263888888888889,0.277968328103335
Frankrijk,1968,0.0649240041928721,0.105305407574984
Italië,1968,0.045335429769392,0.0480186820404291
Russische Federatie,1968,0.00576519916142558,0.00561920747281617
Verenigd Koninkrijk,1968,0.0548349056603774,0.0853827628986353
Verenigde Staten,1969,0.0966300810766091,0.0447988313348347
Australië en Oceanië,1969,0.00452264078098285,0.0195386207316331
China,1969,0.00253709116981965,0.00231298313957027
Indonesië,1969,0.00474325740444543,0.00450423032442632
Japan,1969,0.00921074402956263,0.00657374155456814
Saoedi Arabië,1969,0.0136782306546798,0.00176517134335626
België,1969,0.176327836302465,0.138961592306288
Duitsland,1969,0.265953339584138,0.296061841864995
Frankrijk,1969,0.0774364348353648,0.115649156978514
Italië,1969,0.0451160994980972,0.0493030616592611
Russische Federatie,1969,0.00617726545695218,0.00559985391685434
Verenigd Koninkrijk,1969,0.058022171970658,0.0760849716963905
Verenigde Staten,1970,0.0974382226252551,0.0429657204901505
Australië en Oceanië,1970,0.00367263659034233,0.0208365648105062
China,1970,0.00199501246882793,0.00186133085155886
Indonesië,1970,0.00367263659034233,0.00403288351171087
Japan,1970,0.01051915665382,0.00723850886717336
Saoedi Arabië,1970,0.0151892994785763,0.00186133085155886
België,1970,0.16844253003854,0.139392999327853
Duitsland,1970,0.270868283835865,0.325474380848974
Frankrijk,1970,0.0749943323509408,0.0997363114626958
Italië,1970,0.0433008388120608,0.0540820019647381
Russische Federatie,1970,0.0043074132849694,0.0038777726074143
Verenigd Koninkrijk,1970,0.0579007027884833,0.069955017837754
Verenigde Staten,1971,0.0980193847450485,0.0401662675642706
Australië en Oceanië,1971,0.00299199325747998,0.0196539104504586
China,1971,0.00231774125579435,0.00126507929336285
Indonesië,1971,0.0033291192583228,0.00375005647675417
Japan,1971,0.0142014327855036,0.00542176840012651
Saoedi Arabië,1971,0.0259587020648968,0.00221388876338499
België,1971,0.140244416350611,0.142682871729996
Duitsland,1971,0.275094816687737,0.337008087471197
Frankrijk,1971,0.0780446691951117,0.103103962409072
Italië,1971,0.0435313948588285,0.0521393394478833
Russische Federatie,1971,0.00434049726085124,0.00334342384674468
Verenigd Koninkrijk,1971,0.0567214496418036,0.0728324221750328
Verenigde Staten,1972,0.082598364947042,0.0374519584593998
Australië en Oceanië,1972,0.00265796786275221,0.0167634311881593
China,1972,0.00265796786275221,0.000613296262981438
Indonesië,1972,0.00306069026619951,0.00355711832529234
Japan,1972,0.014779912206516,0.00470193801619102
Saoedi Arabië,1972,0.0364866497523257,0.00204432087660479
België,1972,0.156860376142725,0.150911767110966
Duitsland,1972,0.274495590189682,0.339030174176139
Frankrijk,1972,0.080665297410495,0.104587456047101
Italië,1972,0.0430107526881721,0.0539700711423665
Russische Federatie,1972,0.00463130763964399,0.00327091340256767
Verenigd Koninkrijk,1972,0.0525150014095284,0.0735137787227083
Verenigde Staten,1973,0.0891934843067143,0.0354883353103994
Australië en Oceanië,1973,0.00321149516620315,0.0169698167918808
China,1973,0.00274798039994703,0.00135099512323712
Indonesië,1973,0.00331081975897232,0.00392118096744431
Japan,1973,0.0133426036286585,0.00593119810201661
Saoedi Arabië,1973,0.0360879353727983,0.00247133254250692
België,1973,0.146669315322474,0.144951891393173
Duitsland,1973,0.278572374519931,0.32614999340978
Frankrijk,1973,0.0807840021189247,0.101126927639383
Italië,1973,0.0352602304330552,0.0554567022538553
Russische Federatie,1973,0.00536352800953516,0.00326215895610913
Verenigd Koninkrijk,1973,0.0516818964375579,0.0789178858573876
Verenigde Staten,1974,0.0904619708413842,0.0398707706178467
Australië en Oceanië,1974,0.002935936362952,0.026196498785344
China,1974,0.00296102983613962,0.00187833404292619
Indonesië,1974,0.00316177762164061,0.00360640136241829
Japan,1974,0.0128227647988758,0.0054596909514388
Saoedi Arabië,1974,0.0122205214423728,0.00348117909288988
België,1974,0.132819753582093,0.140499386410879
Duitsland,1974,0.264535394343931,0.301334869393173
Frankrijk,1974,0.0725201375122331,0.0988003706579178
Italië,1974,0.0339012822764799,0.0529690200105187
Russische Federatie,1974,0.00720182680484806,0.00515915750457061
Verenigd Koninkrijk,1974,0.0545532107098944,0.0911117233088732
Verenigde Staten,1975,0.0996569597115457,0.0275167785234899
Australië en Oceanië,1975,0.00355560007011042,0.0281879194630873
China,1975,0.00232866765155119,0.00377827491921452
Indonesië,1975,0.00355560007011042,0.0046234153616704
Japan,1975,0.0145979918371435,0.00432513049962714
Saoedi Arabië,1975,0.031624809074292,0.00380313199105145
België,1975,0.130780980043569,0.138503604275416
Duitsland,1975,0.254000050078874,0.303877703206562
Frankrijk,1975,0.0769712296867566,0.102957991548596
Italië,1975,0.035155369707289,0.0505592841163311
Russische Federatie,1975,0.00873876355259534,0.00589112602535421
Verenigd Koninkrijk,1975,0.0579162180434184,0.0915983097191151
Verenigde Staten,1976,0.0919314266387638,0.0284152323937807
Australië en Oceanië,1976,0.00374151816855856,0.0273135445248192
China,1976,0.00226182171771619,0.000997755051134946
Indonesië,1976,0.00348785591984273,0.00534214683628503
Japan,1976,0.0159807216690976,0.00478090962002162
Saoedi Arabië,1976,0.0400786352971019,0.006942712230814
België,1976,0.126281522819033,0.147667747567972
Duitsland,1976,0.241507599298201,0.309033840525484
Frankrijk,1976,0.0703701354979179,0.106344059200133
Italië,1976,0.033737079079206,0.0516546104597988
Russische Federatie,1976,0.00978713509628596,0.00478090962002162
Verenigd Koninkrijk,1976,0.0620838353732006,0.0830631080069843
Verenigde Staten,1977,0.0852554514681571,0.034290648191929
Australië en Oceanië,1977,0.00348342911123357,0.0282877289640853
China,1977,0.0020664409981894,0.00119236066854429
Indonesië,1977,0.00454617019601669,0.0058178977447937
Japan,1977,0.0199952767062899,0.00524227535308266
Saoedi Arabië,1977,0.0368220105486893,0.00779146023066012
België,1977,0.119341887743053,0.146639804288387
Duitsland,1977,0.244902778871133,0.308677507555044
Frankrijk,1977,0.070160591986145,0.10496885471702
Italië,1977,0.0348539715027946,0.0477766585120161
Russische Federatie,1977,0.00946626781075337,0.00466665296137163
Verenigd Koninkrijk,1977,0.0670117295127135,0.0746870053245071
Verenigde Staten,1978,0.0860693641618497,0.0330997677923983
Australië en Oceanië,1978,0.00360308285163777,0.0234448201409541
China,1978,0.00236994219653179,0.00262761233551962
Indonesië,1978,0.00352601156069364,0.00439972298040494
Japan,1978,0.0226011560693642,0.00590703548295107
Saoedi Arabië,1978,0.0283622350674374,0.0138102415773822
België,1978,0.125838150289017,0.148694341467389
Duitsland,1978,0.25393063583815,0.30820466859494
Frankrijk,1978,0.0755684007707129,0.107121033120137
Italië,1978,0.0378420038535645,0.0498227889355115
Russische Federatie,1978,0.0100963391136802,0.00419603210168249
Verenigd Koninkrijk,1978,0.0669749518304432,0.0747749215790117
Verenigde Staten,1979,0.0841393281923932,0.0280965776711596
Australië en Oceanië,1979,0.00326754672591818,0.021262274994391
China,1979,0.00231995817540191,0.00250245931346323
Indonesië,1979,0.00392105607110182,0.00321005125727008
Japan,1979,0.0193928898183244,0.00548815214952626
Saoedi Arabië,1979,0.0359103385178408,0.0130990801304731
België,1979,0.122483989021043,0.154790052292771
Duitsland,1979,0.242288589726833,0.304954869440657
Frankrijk,1979,0.0729153051888642,0.106242341611584
Italië,1979,0.0364168082603581,0.053000362425142
Russische Federatie,1979,0.0125637171611554,0.00478056020571941
Verenigd Koninkrijk,1979,0.0766239707227813,0.0841344079526431
Verenigde Staten,1980,0.0882186943749005,0.0250858436670615
Australië en Oceanië,1980,0.00322716024370125,0.0250408600860686
China,1980,0.00342976223209505,0.0019942720906869
Indonesië,1980,0.00357447793809062,0.00632769039300655
Japan,1980,0.0190301153384177,0.00448336357229611
Saoedi Arabië,1980,0.0551222124137133,0.0148445817276694
België,1980,0.116467200185236,0.150215171462416
Duitsland,1980,0.222920073515579,0.299410715088993
Frankrijk,1980,0.067191502293744,0.105531481009432
Italië,1980,0.0316493249012315,0.0576839453599436
Russische Federatie,1980,0.0166423061894907,0.00688248789191945
Verenigd Koninkrijk,1980,0.0818656748816949,0.0787662503186337
Verenigde Staten,1981,0.0949207202364956,0.032183552062767
Australië en Oceanië,1981,0.00338618650900296,0.0268669428206419
China,1981,0.00373555495834453,0.00139367426735318
Indonesië,1981,0.00356087073367374,0.00397455254022944
Japan,1981,0.0195780704111798,0.00489076432710051
Saoedi Arabië,1981,0.0680059123891427,0.0154336520718
België,1981,0.113585057780167,0.143393596841005
Duitsland,1981,0.214646600376243,0.294387880195631
Frankrijk,1981,0.064243482934695,0.10459009200831
Italië,1981,0.0298306906745499,0.0558889189991354
Russische Federatie,1981,0.0268879333512497,0.00899436078097376
Verenigd Koninkrijk,1981,0.0853937113679119,0.0826397222974978
Verenigde Staten,1982,0.0915483684058047,0.0324643752103826
Australië en Oceanië,1982,0.0039242539966815,0.0235254516213487
China,1982,0.00306829255445232,0.000997369438106993
Indonesië,1982,0.00247570386367826,0.00340352320754011
Japan,1982,0.0217809265453396,0.00467516924112653
Saoedi Arabië,1982,0.023440174879507,0.014224981611001
België,1982,0.110656061523875,0.141776065626909
Duitsland,1982,0.220798546182412,0.295009412674072
Frankrijk,1982,0.0649477205088362,0.104000698158607
Italië,1982,0.0304458900682135,0.0552667339891037
Russische Federatie,1982,0.0408622823882641,0.00638316440388475
Verenigd Koninkrijk,1982,0.0940109036319102,0.0925434167383526
Verenigde Staten,1983,0.0893448972076545,0.0428187197417967
Australië en Oceanië,1983,0.00379677718378179,0.024696670850517
China,1983,0.00269202930756435,0.00205606359452513
Indonesië,1983,0.003898363195388,0.00417189647958879
Japan,1983,0.0207235463676652,0.00519992827685135
Saoedi Arabië,1983,0.00848243196911785,0.0133285517900903
België,1983,0.109611306523092,0.139250493096647
Duitsland,1983,0.223374941270587,0.304285458131612
Frankrijk,1983,0.0673007326891087,0.103245472476242
Italië,1983,0.0316440426153319,0.0531588070049609
Russische Federatie,1983,0.0431740549326358,0.00827206981053135
Verenigd Koninkrijk,1983,0.088468717857551,0.0891638276253661
Verenigde Staten,1984,0.0891184588270503,0.0501909095663999
Australië en Oceanië,1984,0.00482170766041877,0.0224174904545217
China,1984,0.00270459004400501,0.00275118991579057
Indonesië,1984,0.00393495682631877,0.00416339766724201
Japan,1984,0.0234545595619451,0.00581620377634814
Saoedi Arabië,1984,0.00707183790194753,0.0109001516815733
België,1984,0.112473258920159,0.139526125843402
Duitsland,1984,0.219847700544243,0.296762382969821
Frankrijk,1984,0.0651761863063503,0.103687431351012
Italië,1984,0.0291297649001851,0.0552016318845128
Russische Federatie,1984,0.0352261768846226,0.00461321198807469
Verenigd Koninkrijk,1984,0.0870124255960628,0.0944087033840682
Verenigde Staten,1985,0.0825647826974087,0.0523975741502701
Australië en Oceanië,1985,0.00485615180575393,0.0218111971295412
China,1985,0.00288716588451337,0.00358807355550789
Indonesië,1985,0.00366251785349929,0.0023595483707416
Japan,1985,0.0240053050397878,0.00553811353132739
Saoedi Arabië,1985,0.010844725566211,0.00743940250775141
België,1985,0.123331973066721,0.141143893449816
Duitsland,1985,0.223719649051214,0.299467639086601
Frankrijk,1985,0.0669353193225872,0.103586123515532
Italië,1985,0.0302387267904509,0.0575456796864336
Russische Federatie,1985,0.0354519485819221,0.00499210233809793
Verenigd Koninkrijk,1985,0.0997245460110182,0.0947231918254324
Verenigde Staten,1986,0.0787276862801138,0.0473169206022966
Australië en Oceanië,1986,0.00521596227358794,0.0145212456994772
China,1986,0.00354875972038631,0.0026026540369063
Indonesië,1986,0.0034058566443976,0.00336222688887896
Japan,1986,0.032843890298072,0.00718243152674143
Saoedi Arabië,1986,0.0138020554225763,0.00584200884678969
België,1986,0.142045657532778,0.14221884634288
Duitsland,1986,0.264180153144463,0.282270676019838
Frankrijk,1986,0.0719755159396473,0.107736472901121
Italië,1986,0.038012218212997,0.0632344399267236
Russische Federatie,1986,0.0137663296535791,0.00414414011885081
Verenigd Koninkrijk,1986,0.0822049944625058,0.101849783298333
Verenigde Staten,1987,0.0721277077695252,0.0434140509622823
Australië en Oceanië,1987,0.00534102695549542,0.0139243770364987
China,1987,0.00385078505943085,0.00195738296725193
Indonesië,1987,0.00342159539336425,0.00273095946927964
Japan,1987,0.0342874855446536,0.0083921329613915
Saoedi Arabië,1987,0.010085957152565,0.00546191893855927
België,1987,0.144362712955567,0.144940106425373
Duitsland,1987,0.265549183943538,0.273517897747251
Frankrijk,1987,0.072771492268625,0.10866405682271
Italië,1987,0.0375183299753216,0.0643474999413957
Russische Federatie,1987,0.0149620286364883,0.00443048360252233
Verenigd Koninkrijk,1987,0.0765507457170448,0.102991162474507
Verenigde Staten,1988,0.0766226604089993,0.0430301719476587
Australië en Oceanië,1988,0.00465948610595266,0.0139180274683681
China,1988,0.00471576009273953,0.00259543635773764
Indonesië,1988,0.00415302022487085,0.00403374067265059
Japan,1988,0.0322787588209474,0.00915972747918244
Saoedi Arabië,1988,0.00768702659508616,0.00454201362604088
België,1988,0.146863850716368,0.147269384665297
Duitsland,1988,0.263913743233053,0.26097112577052
Frankrijk,1988,0.0736176295145806,0.107667351573483
Italië,1988,0.0376247875656999,0.0641289066724343
Russische Federatie,1988,0.0114123645203768,0.00460689953498432
Verenigd Koninkrijk,1988,0.0772416742636549,0.107872823618471
Verenigde Staten,1989,0.0845210605939963,0.045475067482541
Australië en Oceanië,1989,0.0038219603471614,0.01242062996513
China,1989,0.00481726252090135,0.00226702913516681
Indonesië,1989,0.00422008121665738,0.00175790818532003
Japan,1989,0.030147702842583,0.00978857071497872
Saoedi Arabië,1989,0.0110777131937256,0.00403454337614432
België,1989,0.141203519388486,0.146261803440889
Duitsland,1989,0.256996974281392,0.257951412570484
Frankrijk,1989,0.075941555856358,0.108894246933267
Italië,1989,0.0363882474719325,0.0660224205339046
Russische Federatie,1989,0.0126403376064973,0.00622472406605124
Verenigd Koninkrijk,1989,0.078758261008042,0.110777033842134
Verenigde Staten,1990,0.0786100771326605,0.0402631384978256
Australië en Oceanië,1990,0.00427875206262712,0.0123922016658067
China,1990,0.00579454315207798,0.00147416525392497
Indonesië,1990,0.0041156606162938,0.00358406427360507
Japan,1990,0.0318412064929583,0.00853173140709074
Saoedi Arabië,1990,0.0110806247361756,0.00378676199601975
België,1990,0.139769369507656,0.146080563131127
Duitsland,1990,0.256312598334549,0.276074297928798
Frankrijk,1990,0.0770942860432096,0.111797007444535
Italië,1990,0.0374150965117618,0.0664479988206678
Russische Federatie,1990,0.0121455159445873,0.00437642809758974
Verenigd Koninkrijk,1990,0.0817663762999348,0.101837178447704
Verenigde Staten,1991,0.0808836513350496,0.0390128656626613
Australië en Oceanië,1991,0.0038476194016673,0.0116268780859009
China,1991,0.00828074610358832,0.00227405454191516
Indonesië,1991,0.0044610080019331,0.00285805298458598
Japan,1991,0.0362735713157185,0.00921124816394429
Saoedi Arabië,1991,0.0209574438424149,0.0045658060063355
België,1991,0.141330309761243,0.143176951528129
Duitsland,1991,0.255188245243915,0.293901640504716
Frankrijk,1991,0.0754560915993643,0.106535473481162
Italië,1991,0.0370077788827034,0.0640009202399703
Russische Federatie,1991,0.00853167780369706,0.00492859291769161
Verenigd Koninkrijk,1991,0.0865435552375022,0.0933955085210682
Verenigde Staten,1992,0.077941190167935,0.0411083798882682
Australië en Oceanië,1992,0.00405167515810847,0.0115754189944134
China,1992,0.00743272822108175,0.00316424581005587
Indonesië,1992,0.00533703417378426,0.0029586592178771
Japan,1992,0.0363533060737871,0.00910837988826816
Saoedi Arabië,1992,0.016802809161443,0.00522905027932961
België,1992,0.141966971861815,0.14282905027933
Duitsland,1992,0.252004880638581,0.28757094972067
Frankrijk,1992,0.0789191807233405,0.105448044692737
Italië,1992,0.0361297653754087,0.0639284916201117
Russische Federatie,1992,0.00819649227387461,0.00539888268156425
Verenigd Koninkrijk,1992,0.0864264225105483,0.0919597765363129
Verenigde Staten,1993,0.081084166563603,0.0405015780943445
Australië en Oceanië,1993,0.00356758916594522,0.0127356478717052
China,1993,0.0109976882022205,0.00503284142284398
Indonesië,1993,0.00653582335201164,0.00412010577497228
Japan,1993,0.0379591487256572,0.00960504990190224
Saoedi Arabië,1993,0.0125293731507996,0.00529727885353579
België,1993,0.118025363180577,0.128149791009127
Duitsland,1993,0.235974617792281,0.291828030367653
Frankrijk,1993,0.076612788142285,0.105774972276721
Italië,1993,0.037597633023508,0.0558645397935682
Russische Federatie,1993,0.00753474831847631,0.00826580226904376
Verenigd Koninkrijk,1993,0.0933091054389086,0.093192868719611
Verenigde Staten,1994,0.077891498448873,0.0394740877031585
Australië en Oceanië,1994,0.00367801868227247,0.0121205151793928
China,1994,0.0127011953560717,0.0041704998466728
Indonesië,1994,0.0072529153454158,0.00272922416436676
Japan,1994,0.0356716251170865,0.0102345906163753
Saoedi Arabië,1994,0.0115066986344926,0.00413983440662374
België,1994,0.119681696700955,0.132428702851886
Duitsland,1994,0.233038576228656,0.288308800981294
Frankrijk,1994,0.0757774970567257,0.107321373811714
Italië,1994,0.0370637723753298,0.0556271082490034
Russische Federatie,1994,0.00694354928802839,0.00841766329346826
Verenigd Koninkrijk,1994,0.0956628597454605,0.0999846672799755
Verenigde Staten,1995,0.0797814376579515,0.0329411436696685
Australië en Oceanië,1995,0.0026663369167871,0.00998131987620933
China,1995,0.0125820188421142,0.00416817687567959
Indonesië,1995,0.00612098213940691,0.00395907101235119
Japan,1995,0.035257475404008,0.010594697075306
Saoedi Arabië,1995,0.0108662890000077,0.00349206791758441
België,1995,0.117813449157979,0.129297125491399
Duitsland,1995,0.233176959757634,0.285199486993615
Frankrijk,1995,0.07364499849294,0.111460395349486
Italië,1995,0.0358757564281905,0.0557545933587978
Russische Federatie,1995,0.00744255782859704,0.00879638665068169
Verenigd Koninkrijk,1995,0.100702521813727,0.0975130342654808
Verenigde Staten,1996,0.0804296997519318,0.0343072829331141
Australië en Oceanië,1996,0.00231672892133101,0.00370329606298193
China,1996,0.0140072994782014,0.00383278193930997
Indonesië,1996,0.00622309030252916,0.00225305424810789
Japan,1996,0.0351572524307833,0.0108897621991881
Saoedi Arabië,1996,0.0112343531692852,0.00348964436704066
België,1996,0.113890393772633,0.137928355464628
Duitsland,1996,0.227381597331128,0.284849505040238
Frankrijk,1996,0.0710772433064355,0.107259625656332
Italië,1996,0.0386145248210772,0.0558343098726506
Russische Federatie,1996,0.00921701690855693,0.00898631981716594
Verenigd Koninkrijk,1996,0.0951926092783211,0.0939808490388911
Verenigde Staten,1997,0.0908935002572458,0.037924396219811
Australië en Oceanië,1997,0.00229298068433723,0.00418854276047136
China,1997,0.0170290338357565,0.00434605063586513
Indonesië,1997,0.00614849114248874,0.0029284797573212
Japan,1997,0.036541600767291,0.0100046669000117
Saoedi Arabië,1997,0.0124748312023222,0.00342433788356084
België,1997,0.106938013300558,0.131116555827791
Duitsland,1997,0.208089585040365,0.271561078053903
Frankrijk,1997,0.0710061802498777,0.103774355384436
Italië,1997,0.0357095219039997,0.05631198226578
Russische Federatie,1997,0.0106010658231547,0.010477190526193
Verenigd Koninkrijk,1997,0.102739508501813,0.0999591646248979
Verenigde Staten,1998,0.0927127549051619,0.0392974923087138
Australië en Oceanië,1998,0.003081124402624,0.00396184236736681
China,1998,0.0201608833743952,0.0037349770921405
Indonesië,1998,0.0068152809522396,0.00105686018459087
Japan,1998,0.0429220220249933,0.00900267811690755
Saoedi Arabië,1998,0.00724865683160676,0.0031705805537726
België,1998,0.104776039656861,0.124775901374472
Duitsland,1998,0.197399744723797,0.264375511830194
Frankrijk,1998,0.0693460773546261,0.107478807463314
Italië,1998,0.0336608388494761,0.0583486421283283
Russische Federatie,1998,0.00819852177268545,0.00826674929727098
Verenigd Koninkrijk,1998,0.0969693371723708,0.101840375379031
Verenigde Staten,1999,0.0949143627706064,0.0423281264912671
Australië en Oceanië,1999,0.0032229365652225,0.00387596899224806
China,1999,0.0206861050028257,0.00398731693867379
Indonesië,1999,0.00631158410689406,0.00145812786986076
Japan,1999,0.042334614674433,0.0105250320788131
Saoedi Arabië,1999,0.00800698302922465,0.003016999119821
België,1999,0.100174016193018,0.122106278963722
Duitsland,1999,0.192626413531857,0.260829913360693
Frankrijk,1999,0.064710523223608,0.107668161910519
Italië,1999,0.0316250650462458,0.0595764536209292
Russische Federatie,1999,0.00844901773174648,0.006442274043203
Verenigd Koninkrijk,1999,0.0971972761709723,0.10753560483144
Verenigde Staten,2000,0.102125827906525,0.0468398216118764
Australië en Oceanië,2000,0.00417482423619693,0.00364022186375909
China,2000,0.0320146998245833,0.00470554745658906
Indonesië,2000,0.0067528476281722,0.00157857962338368
Japan,2000,0.0429146012394877,0.0100235493025783
Saoedi Arabië,2000,0.0130798816978853,0.00293719323367292
België,2000,0.0925033671669976,0.117763765128055
Duitsland,2000,0.178124291274988,0.257291226375219
Frankrijk,2000,0.0569849623016149,0.105682886644181
Italië,2000,0.0283536289034838,0.0591363530497641
Russische Federatie,2000,0.013376099825509,0.00744002691348866
Verenigd Koninkrijk,2000,0.0955905154658261,0.108115451965461
Verenigde Staten,2001,0.098589291439564,0.0437517351111921
Australië en Oceanië,2001,0.00472678972198049,0.00369604581107902
China,2001,0.0405120688865479,0.00505098637186696
Indonesië,2001,0.00719552970274355,0.00143781154309913
Japan,2001,0.039829615719324,0.0104500308694409
Saoedi Arabië,2001,0.0106306966518573,0.0034018538238743
België,2001,0.0924151513763569,0.118099436891675
Duitsland,2001,0.184367700270233,0.255644549782671
Frankrijk,2001,0.0577886685292905,0.103356689138515
Italië,2001,0.0282737141025054,0.0624681464661741
Russische Federatie,2001,0.0158613108597078,0.00882990316525717
Verenigd Koninkrijk,2001,0.0891219713278065,0.1113951744227
Verenigde Staten,2002,0.0887656573026876,0.0489720847084709
Australië en Oceanië,2002,0.00384287972759334,0.00392343921892189
China,2002,0.0434342697312416,0.00653620049504951
Indonesië,2002,0.00678584458226925,0.00160289466446645
Japan,2002,0.031137054602943,0.0101588283828383
Saoedi Arabië,2002,0.00763225100328347,0.00379881738173817
België,2002,0.109906360209169,0.11809852860286
Duitsland,2002,0.194245409218047,0.242647311606161
Frankrijk,2002,0.0575848230572784,0.100552633388339
Italië,2002,0.0304073938951721,0.0613440250275028
Russische Federatie,2002,0.0184069074547002,0.010601450770077
Verenigd Koninkrijk,2002,0.0801459321415542,0.109688703245325
Verenigde Staten,2003,0.0785190484707566,0.048978075382421
Australië en Oceanië,2003,0.00363518589238496,0.00428755669055286
China,2003,0.0513905069440752,0.00693952153600437
Indonesië,2003,0.00639541347822514,0.00166548516864105
Japan,2003,0.0312374617507867,0.00933952836876404
Saoedi Arabië,2003,0.00973088989544006,0.00371958354329834
België,2003,0.113759081922201,0.11719036922525
Duitsland,2003,0.198601033514287,0.242464747230597
Frankrijk,2003,0.0549676845509434,0.100181068131155
Italië,2003,0.0284047238080506,0.0604443001972959
Russische Federatie,2003,0.0223235218763747,0.0119103541931792
Verenigd Koninkrijk,2003,0.0726457095621825,0.10232057600164
Verenigde Staten,2004,0.0798703147933142,0.0466254981481989
Australië en Oceanië,2004,0.00313697999956187,0.00438800611661459
China,2004,0.0636684264715547,0.00904977375565611
Indonesië,2004,0.0062038598874017,0.00156044067783353
Japan,2004,0.029586628403689,0.00855700301528763
Saoedi Arabië,2004,0.012942233126684,0.00367622615830456
België,2004,0.109027580012706,0.115077611391608
Duitsland,2004,0.19658261955355,0.238199900663676
Frankrijk,2004,0.0542837740147648,0.0965244019288455
Italië,2004,0.0261298166443953,0.0611309479579346
Russische Federatie,2004,0.0268001489627374,0.0125891191527472
Verenigd Koninkrijk,2004,0.0642511336502443,0.100759883768679
Verenigde Staten,2005,0.078743561110911,0.0483315381416033
Australië en Oceanië,2005,0.00325796781255879,0.00438666652447326
China,2005,0.076274069538001,0.00908971337364516
Indonesië,2005,0.00599962377275875,0.00124419228814071
Japan,2005,0.0244507682640315,0.00788106943659418
Saoedi Arabië,2005,0.0163778922469171,0.00410583455086436
België,2005,0.107905174725534,0.116950520250118
Duitsland,2005,0.190366981656921,0.238021094391537
Frankrijk,2005,0.0512629628295491,0.0914801266943233
Italië,2005,0.026383935897282,0.0571901872331652
Russische Federatie,2005,0.0333881664525373,0.0152004749259706
Verenigd Koninkrijk,2005,0.0623216422719322,0.0920951131681757
Verenigde Staten,2006,0.0832489408598571,0.0506833123798834
Australië en Oceanië,2006,0.00316077554639016,0.00415097770573832
China,2006,0.0806208015474484,0.0102300908261512
Indonesië,2006,0.00578541067304896,0.00140142525261709
Japan,2006,0.0227036194734611,0.00691620605653983
Saoedi Arabië,2006,0.0153798712562156,0.00466201197011547
België,2006,0.105430436656586,0.116343377403507
Duitsland,2006,0.183079688688138,0.239474418502576
Frankrijk,2006,0.0499907139077628,0.0877160530597785
Italië,2006,0.0249533067248829,0.0554237038384003
Russische Federatie,2006,0.0416297267085534,0.0165976404638812
Verenigd Koninkrijk,2006,0.0653215265634801,0.0939738714137465
Verenigde Staten,2007,0.0784303515697461,0.0493856291905269
Australië en Oceanië,2007,0.00315348591996199,0.0040660700411499
China,2007,0.0857331610686054,0.0104169664182326
Indonesië,2007,0.00559751886721839,0.00202008575292797
Japan,2007,0.0233305888134236,0.00729475410779546
Saoedi Arabië,2007,0.0106125052476739,0.00427325832350148
België,2007,0.104712655274197,0.112255762424103
Duitsland,2007,0.19034818519977,0.232045121003712
Frankrijk,2007,0.0485910198874638,0.086955771056948
Italië,2007,0.0247560035017037,0.0543293718166384
Russische Federatie,2007,0.0376172794105682,0.0188541336939944
Verenigd Koninkrijk,2007,0.0649800344312498,0.0919254122183534
Verenigde Staten,2008,0.0805026091978317,0.0444601594109407
Australië en Oceanië,2008,0.00304530448579602,0.00457773375187927
China,2008,0.0744209307379282,0.0103970698185371
Indonesië,2008,0.00607870162267397,0.0020891308513883
Japan,2008,0.0282561389825766,0.0079489539500498
Saoedi Arabië,2008,0.0102968799768997,0.0042322444121148
België,2008,0.100902874731713,0.11597375360672
Duitsland,2008,0.192369175445856,0.244590257740446
Frankrijk,2008,0.0502638966203967,0.0873872098766765
Italië,2008,0.0237015780214154,0.0529273473706372
Russische Federatie,2008,0.0388060501239853,0.0177036295274624
Verenigd Koninkrijk,2008,0.0631803933592715,0.0906531637916375
Verenigde Staten,2009,0.0839157011221604,0.0450206711079649
Australië en Oceanië,2009,0.00332086488459082,0.00469342435732087
China,2009,0.080164218593194,0.0148334189915602
Indonesië,2009,0.00628044886415473,0.00175195316919278
Japan,2009,0.0264610893166682,0.00769631087794834
Saoedi Arabië,2009,0.00516376243043518,0.00512656407073753
België,2009,0.100180640452513,0.111905200585708
Duitsland,2009,0.191727032205091,0.243156230908721
Frankrijk,2009,0.0495976644466746,0.0888388946533105
Italië,2009,0.0230708876927288,0.0517408014377653
Russische Federatie,2009,0.0351354803393851,0.0142839133849869
Verenigd Koninkrijk,2009,0.0644028829486361,0.0836509152500736
Verenigde Staten,2010,0.0754864211813904,0.0454179664055078
Australië en Oceanië,2010,0.00280494344920672,0.00441395347585379
China,2010,0.0933886488668752,0.0145095263343462
Indonesië,2010,0.00567918195677194,0.00125151729650732
Japan,2010,0.0279439854902174,0.00858567779754487
Saoedi Arabië,2010,0.00715848081129449,0.00449738796228761
België,2010,0.0960007712841278,0.111062067183602
Duitsland,2010,0.177497785570961,0.24295315019015
Frankrijk,2010,0.0434992196773863,0.0874420332176914
Italië,2010,0.0215808914357334,0.050049926120108
Russische Federatie,2010,0.0422488957983092,0.0151823850959093
Verenigd Koninkrijk,2010,0.066673897455365,0.0798037405564273
Verenigde Staten,2011,0.0645096760403593,0.0479580220735884
Australië en Oceanië,2011,0.00383917659116195,0.00512021262562354
China,2011,0.0846043812102312,0.0163573204872019
Indonesië,2011,0.00628627487517881,0.0013289101471084
Japan,2011,0.0276771474452075,0.00833988831291926
Saoedi Arabië,2011,0.0106598122338472,0.00423101539483777
België,2011,0.0998021495004412,0.11891302967085
Duitsland,2011,0.167002811559731,0.242303802539586
Frankrijk,2011,0.0459961306799809,0.0885410814006322
Italië,2011,0.0213360663374639,0.0477039657219353
Russische Federatie,2011,0.0464729449032944,0.0156464512724803
Verenigd Koninkrijk,2011,0.0671513364499811,0.0789675540724745
Verenigde Staten,2012,0.0678034864642097,0.0471449814645453
Australië en Oceanië,2012,0.00372577667422435,0.00609470884326196
China,2012,0.0819260031480374,0.0177954328081039
Indonesië,2012,0.00723072854211976,0.00146142693912505
Japan,2012,0.0255001296703805,0.00823797987978134
Saoedi Arabië,2012,0.0119810296084982,0.00519644324055134
België,2012,0.0968060002721794,0.112906866612212
Duitsland,2012,0.158798713053571,0.247002096728777
Frankrijk,2012,0.0447427005846722,0.084350863475264
Italië,2012,0.020100192836546,0.0455695259903611
Russische Federatie,2012,0.0522070925846517,0.016448034404038
Verenigd Koninkrijk,2012,0.0703198621642372,0.0806205013997585
Verenigde Staten,2013,0.0688951870688874,0.0390089262212946
Australië en Oceanië,2013,0.00346831282111012,0.00610474110264
China,2013,0.0822870158274126,0.0178039556136373
Indonesië,2013,0.00691074271071942,0.00184943177882551
Japan,2013,0.0218115463757425,0.00733769562185701
Saoedi Arabië,2013,0.00980963103881145,0.00522966664049909
België,2013,0.0971748780266853,0.110437167806495
Duitsland,2013,0.164335908685018,0.246886443503438
Frankrijk,2013,0.0444176987485603,0.0829750684589916
Italië,2013,0.0208797608417129,0.0456908932224444
Russische Federatie,2013,0.0533654281683944,0.0157651937401006
Verenigd Koninkrijk,2013,0.0711004128327574,0.0843557928082271
Verenigde Staten,2014,0.0712783983933727,0.0437927573516688
Australië en Oceanië,2014,0.0041107066649931,0.00592055929211707
China,2014,0.0925641186561232,0.0182739008548586
Indonesië,2014,0.00654261327977909,0.00157589321766016
Japan,2014,0.0217590268189616,0.00766027157047104
Saoedi Arabië,2014,0.00879408811346806,0.00580519375641721
België,2014,0.0968055729885779,0.10962494664344
Duitsland,2014,0.164028178737291,0.241047057602012
Frankrijk,2014,0.0452177733149241,0.0818956864826202
Italië,2014,0.021100058574955,0.0432090077410274
Russische Federatie,2014,0.0475450817957408,0.014510677080329
Verenigd Koninkrijk,2014,0.0664564244173884,0.0847959760501148
Verenigde Staten,2015,0.0807909832211609,0.04302332797113
Australië en Oceanië,2015,0.00383669850481602,0.00635349489954222
China,2015,0.0871263719286933,0.0203517096199837
Indonesië,2015,0.00672228267440455,0.0016969702755727
Japan,2015,0.0191458778328564,0.00825095111484503
Saoedi Arabië,2015,0.00364325152137992,0.00600264450501454
België,2015,0.101855210306425,0.104811185206047
Duitsland,2015,0.176407528311772,0.235115112343728
Frankrijk,2015,0.0437942476390064,0.0790559021628614
Italië,2015,0.0239014495089939,0.0414624017260885
Russische Federatie,2015,0.0374561721678153,0.0100195235117499
Verenigd Koninkrijk,2015,0.0552506078802778,0.0870657928025548
Verenigde Staten,2016,0.0813745693402454,0.041640884718814
Australië en Oceanië,2016,0.0042770819246332,0.00663468528770301
China,2016,0.0874011226669243,0.0228708424403408
Indonesië,2016,0.0064183061252965,0.00225626354287489
Japan,2016,0.0189007309141256,0.00783928063071859
Saoedi Arabië,2016,0.00462321967135697,0.00509365022974362
België,2016,0.10204623756319,0.10139304863789
Duitsland,2016,0.180879780189115,0.231256425880919
Frankrijk,2016,0.0407342413411899,0.0806914189050887
Italië,2016,0.0248306876603235,0.0412503323224457
Russische Federatie,2016,0.0366047375256249,0.010163773206694
Verenigd Koninkrijk,2016,0.0571637097380086,0.0916692350584299
